Filename,MaxFeret,MinFeret,SolidArea,Perimeter,Radius
0,849.9441158099748,303.62930785265553,237298.0,2180.4565926535893,425.7102404339193
1,2171.427640977244,590.4955724903841,933689.0,5312.106592653589,1100.5684888585365
10,740.7084446663208,508.430858000244,276391.0,2357.3405926535897,371.31106642646824
100,1383.974349473284,374.2866180147806,495083.0,3374.9265926535895,692.3268036973722
1000,1658.3347068671028,251.66881461162654,400767.0,3791.2505926535896,832.5655242684039
1001,914.7546119041981,306.2124831066704,261354.0,2372.3315926535897,457.50175284219216
1002,915.496040406511,309.14983325706095,261989.0,2337.2955926535897,457.9365313929683
1003,917.7673997260962,313.16220612673345,265497.0,2352.7115926535894,459.13109315436236
1004,916.7971422294029,308.3400884653881,262849.0,2343.91259265359,459.2478001055138
1005,1822.8252796140391,1047.3942246359845,1560936.0,5035.53059265359,911.6870147233648
1006,2023.1129479097306,252.01797625689755,489596.0,4457.220592653591,1024.3493629116106
1007,2021.0158336836453,278.62588317690467,487865.0,4826.65959265359,1019.7486688858893
1008,1632.890075908357,254.59736694484144,391801.0,3716.466592653589,824.7288643754565
1009,1829.2102120860795,252.10152412318,409326.0,4057.74859265359,984.3826542596275
101,2014.072491247522,377.04879048440444,735253.0,4706.34359265359,1009.7730214394072
1010,1458.6929080515886,804.2470528807038,980100.0,3994.3935926535896,729.5766746729644
1011,1460.7682910030599,805.4375689085094,979122.0,4004.4355926535895,730.4736938562327
1012,1316.3605129294938,1239.5451372877828,1020142.0,5494.693592653589,737.4836536438407
1013,2508.926662937759,807.6569268028853,1903742.0,6376.787592653591,1256.6109573101617
1014,2775.977845732923,1708.3399265734736,1046428.0,11267.75259265359,1518.8105973237489
1015,1737.046343653502,1223.1097516182158,1515263.0,4881.55059265359,869.3175277243016
1016,3262.7848534649047,1824.0,2567411.0,15351.890592653588,1887.7599589678703
1017,2505.2971879599436,812.15656336166,1900688.0,6391.97559265359,1255.6421479837243
1018,2804.268353777862,875.9443964851066,2023638.0,6707.965592653589,1542.606488358177
1019,2786.8613169657365,629.4781872246858,1535698.0,6482.17459265359,1413.0402438947092
102,1433.8758663147937,527.7819724751866,699651.0,3682.2095926535894,717.847742574957
1020,812.9058986131174,449.6474382243431,305270.0,2268.6885926535897,407.2623727728018
1021,521.0806079677117,28.63449052830055,10932.0,1170.52859265359,284.3878513883447
1022,1315.5230898771788,71.59721440113256,48243.0,3034.6965926535895,676.8247029577246
1023,1783.1828285400238,458.1396844711471,139018.0,5248.17759265359,1037.4561530356157
1024,1610.3099080611782,92.91577671968916,126973.0,3792.9255926535893,831.057334557584
1025,689.0718395058675,334.65604908962143,178603.0,1864.30259265359,344.547983435353
1026,1265.1142240920383,108.96529598184617,43773.0,2938.1525926535896,676.5201782524871
1027,1808.2657437445416,105.0044143050948,173133.0,3843.6085926535898,905.2391393018456
1028,1402.9272967620238,234.28493906924356,52043.0,4774.78459265359,829.6338188229412
1029,1879.1173459898666,130.06030886629574,181847.0,4203.19859265359,994.2131642913548
103,1363.1951437706928,253.65976141178976,335406.0,3200.4685926535894,682.4475814608126
1030,2194.0567449361924,1612.5568960162568,2251701.0,8901.253592653591,1126.186781740399
1031,813.66332103641,455.8966202227461,307353.0,2379.70959265359,407.11973791757555
1032,1179.8919442050615,558.149022651846,576028.0,3372.29859265359,591.6631432961415
1033,1176.0756778371024,556.0870403143135,573897.0,3197.9155926535896,588.7494284522858
1034,1877.1587572712117,980.5267230549875,226583.0,5456.633592653589,1315.5331898796567
1035,1382.5501799211484,87.37133926785486,109517.0,2869.7255926535895,718.1509992297252
1036,1724.2905787598563,265.03803770555055,200240.0,3909.5855926535896,900.149042369422
1037,2662.13823833399,1403.179891637858,2110300.0,8813.43159265359,1471.4656899562722
1038,1547.8607818534585,1084.8556252043513,1193075.0,4343.44859265359,775.754292339499
1039,1766.8525688353286,1421.0,1429573.0,6672.766592653589,936.1446659909153
104,1432.2014523103933,528.7228868475078,699720.0,3711.4825926535896,716.6588712471086
1040,2199.1782556218586,102.53136769128315,205775.0,4710.45759265359,1110.5649540123957
1041,1874.1616792582224,125.26919978564572,210414.0,3993.2485926535896,946.3040884578681
1042,1696.1426826773743,136.88966675086368,135367.0,3643.2145926535895,877.0776505197194
1043,1626.044279839882,139.13098753858054,146496.0,4417.69259265359,815.9775356992421
1044,1176.938825937865,557.5341178525305,575872.0,3209.78759265359,589.4177675827706
1045,1178.9168757804766,563.0,576217.0,3414.462592653589,590.8757227548517
1046,1805.4539595348313,122.5272412894889,194007.0,3829.4705926535894,946.9250282996832
1047,784.7808611325839,99.00906573623526,33867.0,1768.03159265359,425.5525417655016
1048,2005.4151689862126,1176.638788494569,773271.0,5782.26059265359,1206.570701163849
1049,1160.4693016189615,662.0174351316675,603530.0,3533.681592653589,619.9096191831406
105,1373.90865780808,147.5873425316811,164870.0,3095.6105926535897,789.0952939686213
1050,1233.925848663525,652.9866080899574,691234.0,3539.6315926535895,624.7513107512646
1051,2063.1766768747652,97.78736188757483,162909.0,4344.50359265359,1034.9149295400598
1052,2360.444873323671,1255.7301564288553,670144.0,7403.704592653589,1697.6308024909163
1053,1533.3548186900512,944.3452317128335,586650.0,4413.681592653589,916.8436544056265
1054,1128.7134268714979,603.7630155394419,81075.0,3811.69259265359,890.7166381859087
1055,1800.8403593878054,891.1188783128215,186292.0,5005.85359265359,1128.30608643571
1056,1625.937575677492,187.93062338841887,169155.0,3290.891592653589,922.2872758344637
1057,904.635285626202,538.8173739798999,392016.0,2814.3315926535893,454.12188100452255
1058,901.0049944367678,534.4678828594092,342796.0,5592.75959265359,450.57626011977015
1059,764.1969641394816,493.13396732093577,196702.0,2144.2855926535894,467.3904084704741
106,1016.620381460061,316.04881105583996,54524.0,5073.776592653589,512.193144404389
1060,2532.6738834678263,90.5976221943382,190472.0,5276.639592653591,1270.1852785444933
1061,2231.6173507122585,106.99872096869296,160805.0,4802.73859265359,1118.943689511544
1062,1884.352408653965,88.27373629737639,126911.0,4691.48959265359,968.2898794937008
1063,1860.9881783611631,79.48027251725912,132044.0,4316.84459265359,961.3225535321901
1064,2649.0454884731594,1732.7250356090908,1692774.0,8546.41859265359,1406.3643025584029
1065,1119.4681773056348,628.0721995609038,441772.0,3769.73859265359,580.4533388277307
1066,2348.0868808457662,1812.0,2859317.0,6496.51559265359,1330.476764604657
1067,1756.947637239084,751.447417286302,860255.0,7604.85259265359,880.716131394953
1068,2337.4695719944675,1663.5014089157187,2365286.0,8769.17359265359,1242.6656283409404
1069,2515.178920077059,1763.0,2857250.0,8729.82959265359,1323.9703562970171
107,688.6000290444374,479.52742661874817,237495.0,1949.1325926535899,344.43405735675947
1070,949.0426755420433,283.66647991132476,130961.0,2308.1475926535895,484.5921791488357
1071,2572.6503843313026,1794.2728625064547,3077482.0,6873.4425926535905,1353.759729882445
1072,2033.1711683967978,1455.311054856469,2015315.0,6355.90059265359,1046.9485417226401
1073,937.723306738187,623.3416792065273,392646.0,3374.1855926535895,474.2353054414114
1074,935.7569128785531,614.4687260334462,390908.0,3601.4835926535893,474.3696981020547
1075,1187.6194676747261,405.5241579539232,215844.0,6022.21859265359,608.3988353935496
1076,3084.171363591848,1822.471973837898,2982080.0,10340.50459265359,1698.266712170543
1077,2427.8784977836103,1528.9176373979196,2874634.0,6859.74959265359,1216.0854518058222
1078,1784.4539781120723,130.5454862527337,213688.0,4447.54359265359,899.9965994091973
1079,432.09373982968094,217.0477041628244,80697.0,1185.13559265359,216.14316479921885
108,561.8896688852715,66.84533400056198,14259.0,1360.7275926535897,285.8098158856248
1080,462.1958459354649,251.8278866430979,94763.0,1255.09259265359,231.5547014352316
1081,433.3774336533918,215.21838714277555,80477.0,1183.2575926535899,217.22330025147411
1082,453.894260814124,253.0,94957.0,1246.2225926535898,227.04232937811432
1083,458.62838987572496,254.82762439746807,95115.0,1262.6835926535898,229.38440263744903
1084,457.1389285545479,254.48209594607482,95109.0,1250.92859265359,228.99756231078288
1085,458.03274992078894,254.04858383012802,95062.0,1251.06959265359,229.4414666128214
1086,456.0877108627243,252.93144818722726,95326.0,1272.1255926535898,228.15935677303673
1087,2511.5949116049746,1025.6352545084835,198391.0,7586.87459265359,1426.2128328115305
1088,1783.6201949966814,129.30263088872454,210202.0,4739.72659265359,928.2241328459353
1089,633.2282368940918,341.0,89573.0,5398.44359265359,363.3803653829804
109,2531.4079086547863,294.09761564833997,344077.0,5871.084592653589,1278.0154496463972
1090,738.2987200313976,307.0,105569.0,4049.90659265359,420.09546104025645
1091,856.0864442332912,472.5445256937183,132801.0,7583.011592653589,454.41124145046297
1092,3038.632093557889,1506.1909278117841,307218.0,8428.423592653591,1720.4262602094734
1093,1854.6185591651993,907.2660671052525,1166270.0,5085.749592653589,1059.6877826787215
1094,609.2626691337654,247.0,47719.0,4542.27459265359,352.4538335068263
1095,2173.0635057448276,134.36004912531138,220650.0,4616.727592653589,1089.0106660893005
1096,2850.9928095314444,144.16800499612734,311761.0,6138.11459265359,1441.8828792883958
1097,931.9195244225759,405.1543083530482,137418.0,4557.04759265359,583.1201648514838
1098,2440.6411043002613,1519.7225084260167,1438735.0,14245.23559265359,1407.8497778390586
1099,2015.8501928466808,124.64048648627816,173041.0,4633.81459265359,1019.1686004103715
11,1912.537581330103,189.88432618592014,332015.0,4004.62959265359,979.8054600350907
110,359.1127956506145,174.41330224498358,52043.0,975.5615926535896,182.59935494550535
1100,2435.251527050132,1511.0,1427276.0,14651.791592653588,1419.0737956139453
111,586.7069114984074,447.38335678088015,200264.0,1704.7775926535899,321.6904519143852
112,2276.4061588389714,699.7022810897697,360062.0,7590.57359265359,1318.421655604299
113,902.9695454443632,451.07322442541243,241161.0,2409.4655926535893,552.6080144320154
114,1280.5600337352405,417.88575047047357,501311.0,3213.8685926535895,644.0472083862173
115,1388.4163640637487,338.85349592997017,260336.0,3379.8465926535896,731.8359671717
116,909.5339465902304,659.3181992064818,489268.0,2542.4285926535895,455.2653330522076
117,357.0616193320139,175.36248173426378,51925.0,972.8495926535898,181.07564126546828
118,696.7101262361557,483.41125271252844,238089.0,1943.7325926535898,348.58825210555955
119,966.0957509481138,361.30389064575934,125969.0,4037.00459265359,541.8542379054159
12,1166.0295879607859,456.27975076580384,324687.0,3042.29259265359,646.5062210660657
120,1041.359207958522,361.9765307665048,211357.0,3405.6815926535896,541.3005365550674
121,1911.134741455976,99.36093030118167,165674.0,4952.87859265359,979.3326395185725
122,1196.565919621648,97.83032133133841,112125.0,2579.38559265359,598.6918001313051
123,1195.5873033785529,97.32325289076798,110248.0,2657.53759265359,602.0710419435006
124,881.5191432975237,472.61265232139453,309094.0,2539.85959265359,457.3029313872067
125,1904.6976137959537,728.1143875565471,1274070.0,4905.9515926535905,953.591132889031
126,1894.6939066772766,727.1280761247228,1265488.0,4866.525592653589,949.2392134169979
127,686.2106090698394,480.2638520152914,237900.0,1927.2865926535899,343.8324286958067
128,688.9716975319088,480.8882186069895,238047.0,1945.85559265359,344.6944519890894
129,570.6391153785377,66.66666799946687,13986.0,1376.0605926535898,292.9368154096825
13,2399.1652715059045,414.59434580102874,953368.0,5656.01059265359,1199.7594120820374
130,664.7255072584472,378.02012338381627,206482.0,1839.24459265359,332.7034040886443
131,662.1857745376293,379.20244712435755,206509.0,1853.56959265359,331.79271686254793
132,1198.0972414624782,96.35015302954709,109475.0,2597.6985926535895,602.9794986799415
134,1193.7625392011596,101.09709918203768,112094.0,2585.3105926535895,597.9242110662154
135,1193.7859942217449,95.22692685812567,109068.0,2568.5845926535894,597.071437167298
136,1910.263070888405,98.12031024391784,162774.0,4671.949592653589,990.2134087357716
137,1441.1679291463572,94.91407403674627,123123.0,3187.5875926535896,747.7103612440994
138,663.4282176694024,378.88011879681056,206325.0,1839.4355926535898,331.9913569333636
139,693.0007215003459,433.55114250695664,236135.0,1961.5515926535898,347.07244822015525
140,694.194497241227,433.17096446829504,235976.0,1943.3565926535898,347.2341468076894
141,1067.8225508013961,321.63639315289527,232187.0,2416.0045926535895,655.9213413554629
142,1578.7415874676894,707.0210952504626,896734.0,4221.286592653591,850.4867842772219
143,2792.521620328122,535.7508842331551,1442252.0,6511.051592653591,1404.760144123191
144,1082.076245003096,928.6774441029401,283985.0,4624.755592653591,626.8444064859209
145,2154.529414976737,1344.349508549597,820912.0,11993.50559265359,1156.0407614868748
146,1204.513594775916,695.3360261067226,179044.0,4395.58559265359,727.7071301547899
147,1722.3338816849653,526.692302935914,276674.0,6927.191592653591,904.3812968129271
148,2696.390550346889,1007.2500060477424,1754130.0,11938.50559265359,1449.0888741522217
149,360.01111093964863,176.36976395765643,52810.0,984.1565926535898,182.83175435247435
15,1936.4529428829403,1083.7043567447788,1741444.0,5307.917592653589,969.1155982706433
150,1648.2551380171699,93.0,112389.0,3387.4955926535895,830.4483366740448
151,349.2763948508402,180.09752080279108,52216.0,967.2255926535897,177.32797700434614
152,1430.4226648092515,790.6854155958673,303549.0,4010.09559265359,808.1684665494364
153,350.21850322334484,179.7931902593937,52065.0,976.2585926535897,178.09681768433464
154,358.50383540486706,173.13821385552973,51950.0,974.8285926535897,181.81584441364555
155,358.2010608582839,173.2411465854675,51681.0,972.2715926535897,181.56598565829208
156,356.91035288990986,176.15822998571835,51933.0,978.0115926535898,181.04631853266477
157,356.384623686264,176.3091421607724,51877.0,974.0495926535898,180.50849354932632
158,689.6035092718133,480.44697367870367,237488.0,1950.5965926535898,344.9143333697959
159,2732.722086125847,289.1839917419455,356691.0,6720.22059265359,1367.4274159874076
16,1941.9006153765954,864.0200010739899,1229180.0,6597.27759265359,1056.6840244698935
160,1016.7325115289665,329.4208708423828,96840.0,4754.0585926535905,666.3580292824104
161,1167.246760543802,526.3053229602975,524555.0,3267.9785926535897,588.3541243037021
162,1824.5700863491104,649.1194554604041,520465.0,7559.79159265359,1025.5551439309402
163,2561.859090582462,457.02735913699803,373028.0,6345.25759265359,1420.4476889548544
164,2214.5482609326896,1316.6823263128556,2344648.0,6135.74459265359,1108.2755716590775
165,518.4013888870284,322.6900386599636,139625.0,1451.1765926535898,271.58438351084425
166,572.3259560774786,429.4792358195322,186710.0,1653.1735926535896,286.2426510030581
167,579.1942679274373,436.667004795573,186884.0,1640.5285926535898,289.85906141143676
168,2043.483545321567,1057.7760681533564,176371.0,5773.55559265359,1161.6406768514375
169,2370.104639040226,572.2593587048382,206515.0,5938.020592653591,1260.0844319335
17,916.445852192043,569.5669307892169,390719.0,4490.46759265359,465.7393031057917
170,1892.2433775812244,726.7187670069944,1260689.0,4890.28959265359,950.9170344804711
171,1094.1233934067948,418.1842783972627,424777.0,3054.7685926535896,556.2945833544077
172,2371.2732866542397,61.18388056610272,42753.0,4758.72559265359,1218.8059535678888
173,2035.6546858443355,57.705431331824315,110387.0,4184.712592653589,1018.3714862904072
174,1597.668613949714,99.2263634629049,152500.0,3380.895592653589,799.9797774267042
175,662.3790455622823,378.8277866417362,206014.0,1840.90759265359,331.61635445636483
176,664.8623917774264,378.2038445256234,205820.0,1858.3905926535897,332.4561190013174
177,2626.4683512275565,1656.0,2867861.0,9044.87159265359,1318.7835281135017
178,1689.6869532549513,766.0,315357.0,4201.16959265359,992.0916547363744
179,981.2257640319071,31.73113192010323,27913.0,2029.1225926535897,491.6220682728394
18,872.7897799584961,554.8241473264595,356088.0,2450.93559265359,440.27724268277035
180,447.37121051761926,238.51569531669585,82236.0,1137.5225926535898,229.99666006998876
182,1919.8541611278706,436.1912768331129,329753.0,4410.9065926535895,1065.9992784739184
183,1891.7338607742897,725.0,1264564.0,4879.967592653589,946.521436308588
184,1888.863414860905,863.7174723250541,1440951.0,5043.718592653589,944.8883724548948
185,2009.9385562747932,866.53778413339,1567509.0,5290.41059265359,1006.4154516707133
186,1669.448411901368,860.9078993038939,1230282.0,4515.04159265359,835.6979436323735
187,1665.5128339343412,856.5770560434214,1226198.0,4506.060592653591,833.6283213428377
188,1693.904660835432,693.9835424732519,1030463.0,7776.16859265359,868.182190005271
189,918.5951230003346,130.58697372470473,109374.0,2088.8455926535894,463.8044352803976
19,1711.0073056536023,68.89700174295926,97932.0,3526.5765926535896,866.3718756508785
190,1765.1997054157923,1026.8831096639074,1024504.0,4896.02859265359,987.2986976520199
191,588.9261413793754,348.0,54705.0,3729.6535926535894,376.4191906346915
192,1115.1188277488636,53.16135241622657,55072.0,2337.44859265359,558.4349516136908
193,2699.601822491606,756.4757869501221,386764.0,7592.9065926535895,1397.5954618591754
194,1904.07589134467,1129.772022316115,876478.0,7724.86859265359,1192.8151877310868
195,2593.391794542429,1619.0,3058029.0,5851.39159265359,1345.9176791649643
196,2338.0130453015013,39.30759685488592,64940.0,4989.6345926535905,1177.2133077863664
197,692.1192093852042,482.3949311162478,237803.0,1958.55359265359,346.4351762732052
198,688.1453334870477,480.8947909732833,238137.0,1932.91859265359,344.4402183533456
199,3010.225406842484,602.3460876505732,767576.0,8637.00459265359,1583.5308644707281
2,2070.076327095211,1161.5488178309079,1512373.0,5779.37259265359,1080.1090994208819
20,2372.87673510446,1200.3329435510987,852086.0,7580.55959265359,1372.1610002926957
200,1534.7605676456508,38.97738243510846,45486.0,3161.4835926535893,773.8598308197086
203,1333.0401344295676,314.68812820659065,237161.0,3374.78559265359,708.4758265510507
204,302.42023741806696,48.82616587377059,14039.0,683.4045926535897,151.36084876835204
205,1251.5989773086267,312.7825235285278,225434.0,2923.180592653589,669.7308316527018
206,289.9137802864845,52.0,14185.0,663.9205926535897,145.0365452618506
207,310.64449134018133,199.01986648131822,26149.0,869.8005926535897,159.71503035868736
208,302.1340761979688,193.41421779063802,25808.0,913.6665926535898,158.92755597476435
209,2381.4323421000227,69.08651087001151,151525.0,4889.619592653589,1200.1095973539777
21,1120.7698247187066,437.1436228414809,370269.0,2778.7195926535896,581.0467909350579
210,2232.883337749646,76.0199832872434,102098.0,4646.26959265359,1129.481641836365
211,2168.6274461050243,452.85766029753546,489656.0,5285.979592653591,1233.6063567927297
212,2381.444309657482,323.9455953540067,454396.0,5339.7325926535905,1239.333102193924
213,2288.204536312259,326.32832053173854,428801.0,5040.61559265359,1150.3232399879118
214,2249.027567638956,491.94354092739013,651892.0,5475.364592653589,1170.0467428135807
215,218.97945109073592,124.31416182529209,23309.0,599.6615926535897,112.93123639568994
216,993.6609079560291,128.92157845071932,123629.0,2228.14059265359,497.2122864415984
217,642.1993459977984,359.98342792303856,128777.0,1658.8475926535898,370.9880561835557
218,368.6366775023885,165.49715556785674,38980.0,910.7625926535898,205.45804177198752
219,336.8085509603341,124.175346779999,31628.0,1409.8835926535896,192.9851325575564
220,847.5104719117045,48.85279196087483,34166.0,1771.21659265359,436.5965158161019
221,1847.6823320040705,100.07428916603963,171359.0,3903.0075926535897,927.9433128930765
222,931.0005370567732,203.41696472630184,181391.0,2224.2625926535898,466.58942527086344
223,935.3555473722279,202.87190747374885,181933.0,2230.9715926535896,468.32975200953354
224,1151.250190010842,770.5969002830991,488871.0,4740.93259265359,579.7875336687069
225,1863.4698816991918,277.71711730580836,368839.0,4382.25359265359,938.3982471194573
226,2415.2184166240536,87.6340101695449,180685.0,4978.85959265359,1225.9305475224405
227,1610.747031659534,316.8327847666962,292359.0,3681.3795926535895,829.3106713490489
228,1657.2344432819395,106.65129576533316,141334.0,3618.91959265359,837.6841063498985
229,275.1817581163403,49.88151642114916,12762.0,628.6735926535897,137.87963411882276
23,2184.9267722283053,704.8252218723964,1450827.0,5475.85059265359,1093.6891402764436
230,2006.2714173311647,115.97364185205201,165622.0,4249.06359265359,1008.2415962653142
231,184.39088914585776,126.50883416231164,16676.0,534.3185926535898,100.49971365544604
232,1658.4824388578854,94.0,121602.0,3518.76759265359,834.3226982951121
233,1197.0647434453995,123.1514095838098,135608.0,2510.3195926535896,615.0838176524912
234,230.05434140654683,27.28303834252555,5019.0,566.1785926535897,128.13482316057681
235,1485.2127793686668,582.0823484628633,792649.0,3841.6035926535897,743.4240982794239
236,1470.154413658647,1290.0289334088902,1121864.0,5855.22959265359,737.3540452131782
237,1605.1479682571323,264.3582219505305,375355.0,4024.9085926535895,842.0671798016914
238,1941.7785661604157,364.10350846709616,681651.0,4611.83659265359,972.2135775268875
239,1949.2588335056994,365.56800777558357,686625.0,4540.514592653591,975.9972411152485
24,2238.498827339429,208.59493408920494,455043.0,4822.81559265359,1121.7311450898071
240,1353.2331654227219,636.3546505430326,758054.0,3660.97059265359,677.091137801454
241,2694.9962894223063,63.54602917424057,104237.0,5488.63659265359,1367.9835786785363
242,1062.602465647431,366.3461972767066,299554.0,2784.1495926535895,545.0037354685501
243,2819.051258845784,42.00500029871488,77995.0,5684.69559265359,1419.0515066080945
244,2190.2337774767334,749.0273281195455,1532457.0,5534.46759265359,1096.4475107187725
245,813.022139919941,556.8360952175358,322639.0,2616.95959265359,413.65732351173847
246,813.4476012626751,558.6893084100973,321203.0,2620.591592653589,414.97816930286757
247,1098.0719466410205,162.19274539892834,155198.0,2501.5095926535896,558.9866319481098
248,1766.8256846672791,1060.1887044878638,1482297.0,4970.90459265359,886.3658865344004
249,1223.3057671735223,610.8454464748011,409887.0,3359.5475926535896,635.303255299221
25,2549.660369539441,96.0,231631.0,5184.19759265359,1280.7408958448145
250,1221.4303091048625,608.0469245370989,642753.0,3404.098592653589,611.2145130227537
251,1235.042509389859,609.5778848724648,645594.0,3421.4775926535895,622.1322718194651
252,1219.9491792693661,612.5046604841982,640738.0,3370.9115926535897,610.2956837709713
253,772.0783638983804,224.5364993014271,81914.0,1765.7565926535897,392.6280917161921
254,764.0026177965623,227.27405973523497,82592.0,1761.4985926535899,387.665321182272
255,765.0993399552766,228.59098752580718,83125.0,1836.01359265359,387.31566647985204
256,768.6019776191056,230.75115997812233,85213.0,1776.8065926535899,390.9069135374585
257,2159.8168903867754,37.08638564217333,60332.0,4375.12759265359,1082.1251049312882
258,2146.357845281164,37.78595775694317,63398.0,4337.729592653591,1078.4821423873093
259,2118.1588703399943,31.60808541864789,56761.0,4297.029592653591,1061.4829564256759
26,1914.0167188402509,311.99577303058396,571450.0,4358.63559265359,958.9781545575127
260,1679.8502909485715,103.67268288662086,154772.0,3611.40459265359,840.2294852020271
261,1686.3347828945473,82.43090437556526,128078.0,3552.6365926535896,843.2026866411902
262,1684.6094502881076,104.4228842527501,159839.0,3616.0755926535894,842.443279177855
263,1369.4122826964858,95.22136533917498,104678.0,2929.6295926535895,688.3018086562013
264,2619.6824235009863,36.86947001494994,70876.0,5307.48159265359,1320.8888654178788
265,2170.4278380079813,114.25794848757307,161338.0,4581.82559265359,1121.4036522982267
266,1229.6357184141978,151.6975060352717,178345.0,2752.06859265359,615.8132284736611
267,2066.901061976601,414.1003214073999,784851.0,6451.47159265359,1039.113607987598
268,2065.8017813914284,426.0,795455.0,5219.4605926535905,1035.8239385847362
269,1224.9489785293101,158.1592786882825,179297.0,2737.7755926535897,614.1753607885025
27,2607.3131764327813,1094.9216604447226,2450818.0,11375.100592653589,1333.6165167685494
270,1056.9489107804595,494.9979183006764,196782.0,4199.66759265359,566.6349388079853
271,1221.1588758224705,148.3852923366881,176309.0,2714.64159265359,611.9498277262094
272,1225.270990434361,164.50131415979354,178057.0,2758.2265926535897,614.1957224862934
273,1216.7374408638866,64.1999984673589,73817.0,2557.06859265359,610.5176680795944
274,1367.5935068579406,48.78718151030148,60812.0,2817.9375926535895,684.1672110619614
275,1363.832834331246,58.77434175809604,65622.0,2837.8425926535897,685.4006321548061
276,1356.3775285664385,62.085939832418084,77580.0,2852.4645926535895,680.7866621868826
277,1454.7621798768348,130.32238595679698,175571.0,3195.68059265359,728.2592012218576
278,1503.7037607188458,397.5912111848373,567876.0,3701.6515926535894,752.2036220455223
279,1499.2064567630437,404.8569299181296,566418.0,3687.7455926535895,750.4699905245348
28,1038.7805350505948,989.0,804463.0,3195.6265926535893,520.5183250463575
280,1377.3761287317275,58.23092398668039,62963.0,2905.9535926535896,694.7919262419636
281,1575.1307882204576,665.4082672210828,946773.0,4128.69059265359,788.069477952962
282,1573.0994882714824,675.8694212460621,947171.0,4167.315592653591,787.3414868046436
283,1287.7425985032878,168.79143235505194,201870.0,3583.3935926535896,663.1189175614945
284,1614.2348032427005,178.58815738175056,264311.0,3669.2365926535895,808.0498265840488
285,1613.3099516212003,200.57696190504737,265248.0,4764.44359265359,862.94692274848
286,1725.9269972973943,685.2277787176521,965813.0,4424.46659265359,936.7135844916097
287,1958.8366445418567,698.9507835208303,1246162.0,5050.34259265359,1025.1868747623753
288,1899.9710524110624,1193.5395540221919,993390.0,9671.687592653589,1111.6460795915395
289,2386.584588905241,1222.413843742253,1561451.0,6742.86859265359,1258.2176712016224
29,1613.7905688161645,158.0,177777.0,3476.4275926535897,822.3381269451735
290,2763.000723850792,872.4661314563959,2268693.0,6883.23059265359,1384.3536785617973
291,2693.43869430882,480.9388922476652,834827.0,6007.10459265359,1573.7429620272724
292,1691.4269124026612,409.09884334159307,600511.0,3933.431592653589,927.8425575527016
293,1197.9398983254544,618.2438028057164,367873.0,2995.6305926535892,645.6420001013582
294,1564.5539300388466,385.07774727880997,542724.0,3721.92259265359,816.6467437208889
295,721.8213075270083,694.0,392263.0,2226.3415926535895,361.2669518104579
296,2770.928544730087,617.6514622425232,1511115.0,7967.75759265359,1476.0311829275793
297,1594.7037342403135,168.33097062037413,174215.0,3500.5415926535898,844.5301295527604
298,2304.8134414741685,111.5435888437832,178027.0,4830.02659265359,1172.8918545672923
299,1929.243634173766,71.88332690864668,118219.0,4025.8545926535894,969.9319601471879
3,1770.647621634525,438.9416279896382,694904.0,4282.61859265359,888.5192265823255
30,1944.1237100555097,248.59595740728352,472639.0,4293.35659265359,976.0339755703662
300,2697.846733971372,1090.0,1315995.0,7763.93859265359,1415.756499275675
301,2973.807323953588,1780.0,4224937.0,5862.26759265359,1488.5144003371008
302,1513.2868201368833,763.1460377005014,480709.0,4040.98859265359,899.1990509860956
303,1451.0882123427232,840.7786589593272,346795.0,4559.3265926535905,732.8390238253809
304,1486.3838669738043,858.8035441693587,351712.0,4730.78959265359,760.0456316020826
305,1493.6308111444407,886.2488414853581,371705.0,4750.18159265359,762.3412878016429
306,3044.6347892645517,1824.0,1485791.0,16911.202592653586,1852.6747773349914
307,2489.6893380500305,1120.2954387547798,1217295.0,7450.249592653589,1336.9933964597637
308,1280.8473757634044,367.40690468083295,438847.0,3117.5845926535894,656.1708111305119
309,854.7900326980889,229.57090105190156,129703.0,2664.6385926535895,480.70418882878727
31,1850.6066572883606,304.6763383176233,505473.0,4308.41559265359,929.4168138876712
310,3095.695882996261,980.7146303257356,1582450.0,7525.014592653589,1995.992717694424
311,1863.2981511287987,545.9635550046622,301575.0,5060.18559265359,972.7117025022296
312,3287.7081683142133,163.33191182120913,458906.0,6263.22359265359,1669.222153055634
313,2479.954233448674,574.999634089756,1371966.0,5898.03659265359,1242.4292542069286
314,1403.1154621056671,934.5889899541361,980207.0,3963.8915926535897,702.503529258415
315,2879.600666759195,1235.9037690685789,636218.0,7911.09059265359,2160.80643257053
316,205.41178155110774,132.68168854530222,20841.0,583.3705926535898,108.35578161042689
317,1549.5628415782305,94.0239245125883,112637.0,3317.8325926535895,782.1964537890236
318,658.9218466555802,148.03976826315753,60905.0,1506.97759265359,330.9864141694084
319,1684.6557511847932,732.0921915236278,126623.0,4950.56059265359,1196.3553496060817
32,1680.5966202512725,1210.0682938482187,1290501.0,5632.438592653591,925.1708143850021
320,2109.029397613983,1332.9358985165566,2097330.0,7101.660592653589,1068.9292608649575
321,881.6008166965364,480.1404434360953,351875.0,2449.5145926535897,441.22870900005614
322,1690.6809279104086,941.6995830440479,1249652.0,6909.04359265359,847.9557249147878
323,2895.2556018424348,903.2797279902427,2439609.0,5470.84659265359,1450.6892672148158
324,2522.5994529453146,1156.0,2051572.0,7739.91159265359,1358.7696343181287
325,2459.9798779664843,534.6260391617237,1096907.0,6341.49059265359,1233.1056088903122
326,1328.2544936871097,173.78309037229565,87348.0,2918.8215926535895,856.0516757749103
327,1909.8704144522476,1293.8935834027839,1820687.0,5290.48359265359,958.4821017511542
328,1469.065689477499,547.8200312199201,494405.0,5062.445592653589,747.4985291718672
329,1335.7185332247209,744.1915224022038,137161.0,4301.52959265359,887.5158840219825
33,761.5149374766065,495.0,287924.0,2126.1065926535894,381.20983893655017
330,1423.2628007504447,816.2387797120452,373714.0,7032.80759265359,787.9864695791949
331,859.3078610137347,227.34833109250224,146642.0,2168.93259265359,470.86221372137123
332,985.7890240817251,498.40216090179325,152930.0,2508.083592653589,550.2530437052538
333,343.7397271192261,320.9056610983001,83831.0,1077.56659265359,181.85980885462564
334,225.6213642366343,206.88288815599205,35009.0,745.4255926535898,114.57205893028828
335,1497.409095738369,45.52240533555084,45822.0,4316.71059265359,767.4514541838976
336,1493.4952293194644,38.22124420923135,44780.0,3606.2085926535897,815.0959465194534
337,1495.7386135284466,923.5567508758763,459124.0,9439.058592653588,859.0943087543822
338,2138.867457324086,218.92333017230467,418133.0,4859.98659265359,1073.4886411065124
339,1166.1783740063095,186.587011905923,203347.0,3032.7985926535894,588.8423727375693
34,1551.4386871546037,326.9800473745271,468357.0,3701.30359265359,787.0903995858641
340,1331.9102822637867,202.7374675087353,189087.0,6681.628592653591,688.9640271026196
341,1731.7462285219506,305.36944084766094,488993.0,4027.2235926535895,884.6069485942289
342,1466.094812759393,962.9029232058133,1028458.0,6092.184592653591,746.7405764451578
343,2004.7835294614729,591.6778849427624,1104358.0,5720.47159265359,1004.3449815775108
344,972.1573946640534,680.7561261950174,474247.0,2887.5725926535897,486.5919545435942
345,492.54948989923844,137.41345257510923,61577.0,1256.48659265359,246.70217777149819
346,616.3651515132892,423.8789709261173,187463.0,1695.6925926535898,337.5720921665391
347,294.11052344314373,279.776268442101,64157.0,906.8025926535897,147.19697839943805
348,292.0975864330276,280.0,63892.0,902.2375926535897,146.2376440927101
349,2702.5019888984357,1655.0,3444015.0,7570.45259265359,1355.624619976808
35,2253.787922587216,281.9030617344768,542418.0,5029.38259265359,1126.9542779380906
350,773.5024240427434,344.94404438559917,122151.0,3138.9495926535897,515.4388926198069
351,1293.4852144497052,878.3877338551138,830112.0,4972.4915926535905,650.9160849356078
352,725.9180394507358,105.00535777005733,72709.0,1648.60659265359,364.1001131170494
353,726.2403183519901,105.16691741458152,72773.0,1642.7505926535898,363.2064900357865
354,1528.6713184985188,608.9739264114788,841231.0,4096.79059265359,765.3012368284162
355,970.3571507439929,662.0431382271057,474044.0,2742.5185926535896,486.37208387907896
356,970.0082473876189,635.0,467951.0,2701.2675926535894,489.9310247046689
357,3027.8548512106718,1303.0,3084928.0,11072.49059265359,1514.1210861699597
358,3043.887645758299,1302.8020248863463,3083434.0,11068.98959265359,1524.8658663062176
359,3035.175777446835,1316.6829500147333,3082574.0,11114.218592653588,1518.53227518514
36,621.2519617675264,431.0,194478.0,1852.0845926535899,311.54678764545696
360,899.7005057239882,630.0,270964.0,4809.92559265359,489.78442763011367
361,291.9075196016711,278.0,63329.0,899.9885926535898,146.37138239046695
362,2006.654927983384,1123.7251961235886,1866893.0,5510.186592653589,1003.8402408183044
363,2252.4975027733103,1076.3877992957546,2053183.0,6666.851592653589,1139.668287831874
364,1283.3121210368115,665.1710405282932,232260.0,3639.39059265359,741.2813514783008
365,758.016490585792,262.5633683264165,164406.0,2416.7215926535896,396.5319363386149
366,1421.693708222696,20.88119409010853,11872.0,2864.44159265359,819.3839779217143
367,1102.1020823862007,441.14003040032173,443304.0,2880.95759265359,551.2847426249187
368,1280.9422313281734,646.3426937221759,232560.0,3249.2575926535897,722.3624360695105
369,944.3352159058774,220.68902531105,194932.0,2340.9445926535896,473.72455395822334
37,1112.854437920791,794.475356153201,513926.0,3292.0835926535897,582.5055980807515
370,1169.2322267197394,411.001824361877,441158.0,3006.20259265359,584.659317411126
371,1589.2098665689186,706.6401881102499,996484.0,4209.12559265359,795.7343977624299
372,2714.283146615327,764.1378484763703,1964403.0,6756.67359265359,1362.7668275623723
373,1062.8687595371312,562.578578857277,150554.0,2884.5605926535895,649.0815773858075
374,301.4979270243827,221.1656154174306,46794.0,938.2825926535899,152.83604959467084
375,950.7912494338597,223.92822715262557,197900.0,2513.5305926535893,475.5141532527352
376,931.1756010549245,486.75296844193366,139075.0,2467.7395926535896,519.2547679649008
377,810.4819553821047,408.22718591952764,168447.0,1996.60159265359,456.06519774090054
378,852.1484612436967,602.3744522901773,366390.0,2397.8535926535897,426.3339401136758
379,526.3933890162375,110.27843497875634,30536.0,1158.0355926535901,336.61087864314516
38,1972.6352932055129,1140.736997445414,1730703.0,9351.08659265359,998.8567420772556
380,787.777887478444,337.04402706158766,134154.0,1870.9985926535896,475.9636597701415
381,956.7157362560731,474.7491121051574,139502.0,2561.0645926535894,531.3162502051456
382,985.0604042392528,98.19389049918995,87345.0,2282.2665926535897,493.5300343541664
383,1246.5319891603265,754.0,230598.0,3215.8455926535894,717.3815243863369
384,2101.0188004870397,864.1842227850254,1645353.0,5531.85359265359,1052.3512659940313
385,1524.2847503009402,1332.097325851073,1110420.0,5492.61359265359,762.7932061590096
386,2061.2719374211642,1373.224381048241,2126793.0,5767.501592653589,1033.0774391098691
387,508.67376578707103,178.08332243617377,84079.0,1295.26459265359,254.47427986298467
388,330.2968361943541,314.82321022519614,79923.0,1037.76359265359,166.11308350109056
389,1226.2609836409213,903.813254906541,662143.0,7106.209592653589,618.0108859009937
39,2416.5711245481684,1250.5580605193647,1601026.0,7216.2325926535905,1232.9230164733447
390,1844.2703164124287,567.5744616061705,988156.0,4586.4065926535895,923.8356345317442
391,2349.6808293893873,1627.1370664396425,1173458.0,9385.87959265359,1380.3142700356018
392,1197.2322247584218,522.6387867063285,557900.0,3214.37259265359,598.9442359044504
393,1179.4341863792147,479.2532369826739,509782.0,3085.6825926535894,590.1291986450454
394,1169.998290597042,508.4739909828065,530433.0,3094.6725926535896,586.1641398757802
395,1246.7341336467853,254.06468044697988,202804.0,3616.46659265359,650.9546643143581
396,1243.4596897366637,142.6661903800111,170222.0,2715.2905926535896,621.8550695814556
397,810.4233461592775,495.5222690206023,188724.0,2696.39359265359,408.2341469828292
398,2043.334774333369,867.6328972481698,565133.0,4369.025592653589,1124.9680177645491
399,1069.924296387366,474.96862781951774,435137.0,2876.5185926535896,535.2301317225234
4,1850.2135011938487,188.6207390570914,331585.0,4018.0925926535897,930.1009151163732
40,1527.751615937617,364.19974145053015,467862.0,3623.49759265359,766.6051742970627
400,2301.010647519911,375.2636498573952,838472.0,5203.88759265359,1154.9471715075535
401,630.8676564858908,381.5064551817928,191012.0,1772.80859265359,316.00344703110903
402,627.4368494119548,380.0,189361.0,1738.3075926535898,314.39023602741855
403,624.561446136407,379.3836625018583,189586.0,1737.6625926535896,312.79463572691856
404,930.0435473675412,395.1418305042657,297605.0,5065.91859265359,507.69530001920384
405,2585.1740753767435,76.82838063731144,155400.0,5306.0675926535905,1299.8703344443013
406,2386.1504562788996,534.2597568718874,789353.0,9215.673592653591,1200.8046960099791
407,1572.8305693875611,1001.7488546033536,1135047.0,4631.3265926535905,820.1894928938193
408,1266.2069341146414,363.30239446737875,422652.0,3315.9045926535896,641.4255239297937
409,1483.0593379902234,136.66531436912808,183847.0,3245.1385926535895,751.1035921015217
41,1382.0741658825693,747.1854323933231,866439.0,4006.5795926535893,691.6207993718344
410,1462.0205196918407,137.96507744259867,186702.0,3308.9185926535893,733.4950955360288
411,782.8824943757525,239.0,152827.0,1876.3055926535899,412.54595269804685
412,760.2854727008796,167.0,112335.0,1755.2385926535899,397.7827228344079
413,887.0315665183512,536.1482732956085,378745.0,2477.3145926535894,443.7735490334496
414,966.8526257915422,644.9023642672664,398426.0,2754.0275926535896,498.37602261285116
415,891.3371976979307,652.9909590134964,347062.0,2629.23159265359,466.79158473754586
416,967.7034669773587,624.4358502972931,258789.0,5826.31659265359,543.8034483814379
417,2048.7501067724193,1052.4812196535684,196677.0,6995.359592653591,1269.7332294436726
418,2053.0477344669803,1216.9688611145039,222638.0,13964.82659265359,1185.8321012968681
419,2107.4906879984073,1232.765973620834,236210.0,15569.51159265359,1307.596435801319
42,1317.7347988119614,421.4329077614463,501219.0,3407.875592653589,661.5518798647548
420,2048.913858608995,1223.0,135971.0,8562.586592653588,1395.631577352378
421,2048.541432336676,1231.2627782459679,256889.0,12251.74759265359,1347.31980223914
422,2095.7397262064774,1234.3113916350192,303716.0,9560.62359265359,1465.35023525537
423,2051.359061695441,1020.672552893757,183395.0,6110.243592653591,1220.3061156982726
424,1604.0339771962438,708.7066980480465,887253.0,3912.230592653589,820.5001002842091
425,1598.7122943168981,707.1798195569498,884821.0,3866.826592653589,817.4529366472726
426,564.1630969852602,253.00888247356997,125944.0,1512.4075926535897,282.2403613482754
427,561.7018782236712,251.07543693737244,126080.0,1489.78359265359,280.99134009499517
428,2164.119220375809,994.4734964143656,1411733.0,12230.08559265359,1134.7632213315408
429,1357.1477443521026,461.6636862617708,560663.0,3885.0945926535896,708.5552678492287
43,2563.338838312251,751.9792988995085,683881.0,6985.17059265359,1543.2214395236604
430,1127.8838592692068,706.9301187693994,576718.0,3434.2645926535897,592.1008514733094
431,1226.4974520968235,692.8007250401009,588121.0,3045.4835926535898,633.44804384801
432,2636.158189487118,1320.8186014599346,2842049.0,7507.377592653589,1442.364136311877
433,922.286831739454,495.3159500401903,222400.0,2314.24959265359,492.3732907226497
434,528.1098370604358,199.74070615335077,87163.0,1505.6995926535897,274.9613678398018
435,908.2697837096641,485.1489804151298,220788.0,2357.95759265359,481.3918566607396
436,917.0605214488301,548.0,223384.0,2363.68259265359,490.86590382622654
437,3008.2848934234935,1824.0,3715085.0,5643.8305926535895,1519.381934785745
438,2644.1045743313557,982.9169193265433,1891370.0,6848.05959265359,1326.6648058761855
439,840.0619024810017,396.85545147465325,289302.0,2239.4945926535893,425.85937242885666
44,808.3866649073326,111.43792859669028,83530.0,1822.6595926535897,405.7370577322142
440,827.831504594987,397.1841068329534,287999.0,2198.28859265359,419.37666642942116
441,829.3835059850178,397.70908649631406,288373.0,2210.1575926535893,419.9221085311017
442,1167.9901540680896,803.2299172005329,682226.0,5384.392592653589,589.3279172896873
443,552.4499977373517,508.8795047403929,214903.0,1946.1215926535897,277.1607414536594
444,2749.61833715154,1808.0,2789985.0,10525.079592653588,1552.3039808204035
445,1034.5515936868494,740.3807270272451,541425.0,2966.6365926535896,518.9506922487451
446,1213.0758426413413,559.0641924105873,370737.0,3660.55759265359,669.6311422417749
447,2354.256782935965,1657.0,1056876.0,13921.19659265359,1246.2725114638883
448,2161.4610799179336,991.0485985855793,1770623.0,6086.01059265359,1087.7340031997385
449,2635.590256470076,1641.032072368905,3203753.0,8162.64359265359,1365.0398326280967
45,2535.004930961674,920.3539051173792,2151388.0,6472.12759265359,1274.3373331613818
450,2085.681663149964,1235.1034866126188,1648914.0,5946.383592653589,1197.6428459243318
451,843.555570190844,131.37250707446594,46616.0,1979.40559265359,485.51354715242707
452,447.69855930078666,419.0,144360.0,1381.3385926535898,227.7288502615514
453,2367.684522904181,687.4711462547835,1458886.0,6072.72259265359,1200.0845571237135
454,814.0393110900726,490.93389609776347,212145.0,2120.3535926535897,471.22820190849615
455,900.7241531123722,694.7657214146419,296624.0,4107.65759265359,514.6668305578381
456,2060.6159273382314,1544.0,302027.0,12259.697592653589,1441.4402383864142
457,2073.6000096450616,1241.7317154877662,339997.0,10300.59659265359,1340.0121532447947
458,1963.6114686974101,867.1561307505633,201410.0,6112.21159265359,1119.592018001867
459,2059.002185525795,1207.6295868148607,263658.0,10924.45159265359,1394.6820675283886
46,772.712753874297,320.72321684815466,207624.0,2248.03059265359,397.4821916787764
460,2079.0307838028757,1228.333268462631,280664.0,11344.39359265359,1456.3566919649156
461,1529.7058540778355,647.226227750165,874802.0,4086.6845926535893,776.3390386508545
462,965.0518120805742,528.6981514013355,425809.0,2658.86659265359,482.7065216918402
463,2232.3496589916194,1569.5938850363373,769959.0,10865.08759265359,1253.843515043548
464,1630.6394451257459,1186.0,1112253.0,6268.56759265359,924.8573588385783
465,1573.1309544980672,750.7837444033113,698778.0,6144.35359265359,948.1484217938322
466,1683.1723025287697,853.2531335216866,526738.0,4783.78859265359,1009.4014797294662
467,2747.212405330174,1778.4612061733023,3479469.0,10273.23459265359,1389.4037271716566
468,793.435567642389,498.0722134587035,230783.0,2221.0935926535894,438.43225294015235
469,2972.1616712419936,1824.0,4258592.0,4341.50159265359,1492.3057258514525
47,2208.6394001737813,546.4044617890627,1151824.0,5395.80159265359,1116.4501037508458
470,471.4679204357387,432.891755921478,145758.0,1564.9575926535897,247.38507936146357
471,2880.558973532741,1711.0,3649604.0,10929.804592653589,1465.5429326698822
472,2863.1823204259977,1716.0,3217204.0,24485.960592653588,1455.381269059067
473,2946.439206907212,1824.0,3246867.0,36478.05759265359,1494.9075559273201
474,267.54065111679756,88.37086669019149,22112.0,674.8175926535897,136.2545520337489
475,267.329384841996,89.5157611497027,22156.0,661.7175926535898,135.537912042637
476,259.53805116013336,83.02349489884546,19070.0,664.4865926535898,133.18038608912673
477,260.725909721301,83.39910794992424,19777.0,676.9745926535898,133.13278413804122
478,254.19087316424248,85.54376977188728,19778.0,647.9965926535897,130.29302798571769
48,881.5469357895812,237.19447101435642,181150.0,2046.8835926535899,472.91724010783605
480,761.2128480260958,297.7877866576917,207936.0,1977.0975926535898,380.90994444522494
481,864.4217720534346,509.2114933341654,356238.0,2403.5525926535897,432.5914648174073
482,1288.6834366903302,503.3834644734372,594410.0,3422.699592653589,646.3636745893392
483,3162.129820231927,128.89657802810066,332033.0,6573.65259265359,1604.6660518763485
484,1006.0124253705816,941.0,724847.0,3156.77859265359,511.98246616662607
485,1354.0553902998208,341.3893858796298,393920.0,3706.2135926535893,680.638043639229
486,1352.6721701875883,323.9630051228055,390887.0,3369.3455926535894,680.0713877092606
487,1729.7329273619093,696.6529739595944,214498.0,7543.974592653591,1143.3786135056885
488,196.2065238466856,135.53378725602053,14098.0,778.6075926535898,102.30182693365083
489,231.36551169091732,139.30420086041372,23100.0,775.0975926535897,121.43876741888387
49,151.18200951171406,78.94681665958834,6191.0,712.5325926535897,80.22698621659576
490,165.41463055002117,137.0,14869.0,655.1855926535898,93.9908398225147
491,247.24481794367298,131.89938977819864,16366.0,882.1335926535896,128.7266725452217
492,250.44959572736389,145.54875136664774,17201.0,889.1755926535897,128.51710071969725
493,2446.386927695617,1683.0,862841.0,12007.91259265359,1412.1539621945526
494,1742.352432775872,822.0,834998.0,5839.79259265359,894.1338755123802
495,1326.4618351087227,142.87262937303103,168732.0,2929.6655926535896,664.0326208272845
496,1321.6300541376925,148.09693936160824,168513.0,2922.4125926535894,661.1318845060564
497,1197.718247335324,836.0,718336.0,3544.3865926535896,599.6626259652386
498,2214.7595806317217,883.0,990503.0,5959.01259265359,1152.034286689328
499,2177.0057418390056,315.1312146316005,391676.0,5629.824592653589,1348.4751467012084
5,961.0208114291802,569.0,397831.0,5959.55259265359,490.174851781389
50,1331.4897671405515,326.2678067877138,393404.0,3617.3685926535895,675.9265087939505
500,970.6420555488002,168.41708989037852,155668.0,2259.72959265359,486.0721601144454
501,966.6710919438938,174.56531477140436,156527.0,2249.7245926535898,484.5616223877258
502,966.0693556882964,167.48687399315804,155766.0,2225.1595926535897,483.65172208074944
503,966.9565657256793,172.59929347479186,156289.0,2256.8545926535894,483.8248003353669
504,1858.8388848956222,545.166950843359,826051.0,11424.20559265359,939.0397281592606
505,1846.2050265341604,556.5778086847532,814960.0,11657.242592653589,940.406935370902
506,1328.7061375639084,589.3561630476281,698560.0,3535.1605926535894,664.6251458047952
507,1367.9883040435689,947.0658594090388,936844.0,3847.33259265359,685.2431348875069
508,454.80215478821117,269.1141680762954,99007.0,1293.9375926535897,227.42044779202996
509,2811.799423856545,37.499383908676556,68214.0,5769.70659265359,1415.9252706646716
51,1763.3641144131293,581.2392684812189,562774.0,4063.37059265359,1074.933535702441
510,2109.713013658493,32.11586348558615,36982.0,4286.28559265359,1094.0516400149488
511,2767.937860574186,32.41238769968858,59191.0,5580.93959265359,1404.942094943929
512,605.4502456849779,250.77160923836655,136826.0,1605.98659265359,302.86415171568126
513,2368.143787864242,165.62870029949127,353780.0,4984.04359265359,1193.1845742886262
514,1567.6023092608661,160.11744627061464,234904.0,3405.20459265359,787.1282035120959
515,2027.3147264300135,221.79259846379637,361365.0,4539.55959265359,1072.662789636987
516,2573.58213391374,189.18512514483965,467058.0,5500.67959265359,1293.8391796562678
517,769.8960968858071,153.94299081011604,112597.0,1809.6345926535898,390.59183353062053
518,1046.137658245797,361.03778630731176,330920.0,2700.18459265359,532.4484235972935
519,1019.7931162740804,349.0643108325151,329886.0,2616.7415926535896,510.165644728395
52,1295.1822265611893,108.15637436420081,134469.0,2792.9085926535895,652.2527300084412
520,1018.5779302537435,346.2954241366393,328718.0,2605.7245926535898,509.5141869891028
521,1070.10279880019,125.57670926962574,128691.0,2375.9265926535895,536.0394630092665
522,1172.5549027657512,96.23977256614172,78251.0,2532.63059265359,630.6138296968157
523,1072.9049352109441,132.23298335221034,128937.0,2376.68459265359,536.7547014345621
524,1158.372996922839,318.0,324119.0,2782.7155926535893,592.3386622840184
525,1016.1968313274747,408.8522910004374,369704.0,2806.6855926535895,512.8045509586857
526,402.06094065452316,83.80340613507603,31896.0,943.3575926535898,201.18450791439855
527,396.7883566840136,37.38564814154948,13734.0,858.9125926535897,199.05176403203393
528,430.3080292069856,145.98175253441295,57370.0,1116.13959265359,215.94877783930744
529,432.5020231166555,144.98601467100207,56955.0,1116.49459265359,216.46323342431583
53,2462.214450449026,108.71272399540948,256514.0,5103.2235926535905,1236.211066852256
530,767.1297152372603,21.10037633411551,12090.0,1587.8085926535898,383.8890018910731
531,431.9317075649807,143.93876843544925,57880.0,1103.9315926535899,215.9702080974779
532,778.7226720726705,145.6297391058763,108147.0,1819.7895926535898,389.85448897252513
533,413.75959203382826,122.71560986179928,47357.0,1033.51959265359,207.42293142359298
534,413.85987966943594,123.97450965387503,47758.0,1035.3055926535899,207.314503807966
536,409.93901985539264,83.01128680021965,32148.0,961.7505926535897,208.7468255725535
537,402.85481255658345,89.77074307599332,31531.0,1043.9915926535898,201.95989007146812
538,404.9222147524139,97.22877558793084,32368.0,998.0265926535898,202.92013219657954
539,404.5899158407189,90.0038094590933,32102.0,967.8955926535898,202.7514232029178
54,2494.240565783501,723.6566532983946,1548929.0,6292.07359265359,1259.6504230906105
540,561.5140247580642,121.8962367563093,63686.0,1332.4325926535896,280.85780197522075
541,1198.8448606888217,55.175460384604165,61209.0,2473.1275926535895,602.7392968128281
542,1014.5678883150206,407.12271235854104,370911.0,2707.50059265359,513.1277331808315
543,2091.690703713147,414.72235898566527,800380.0,4953.630592653591,1047.8033660118876
544,2090.6747714553785,399.2898868122463,802309.0,4923.25959265359,1045.8467304430044
545,1670.007485013166,89.27653287678913,140832.0,3485.5575926535894,836.4454511072502
546,1012.0953512392002,406.6785377927898,370697.0,2706.4765926535893,511.08991130037316
547,1018.3486632779561,427.20993486067835,376472.0,2969.9805926535896,515.0596741486568
548,1019.7082916206967,408.32478738653754,372094.0,2734.47959265359,517.8739686987203
549,2950.522157178285,1798.8402430775097,3727494.0,9537.99859265359,1513.4162478066269
55,1676.9502079668316,1130.010149337757,1393081.0,4724.56959265359,841.0660262482623
550,349.954282728473,179.4763625268864,52141.0,979.5855926535896,177.10267257479973
551,358.150806225534,177.6128008024323,52703.0,982.0345926535897,182.0912928275491
552,349.28498393145964,180.0,52545.0,964.5695926535898,177.24735231734064
553,348.1752432324849,180.0,52027.0,965.3145926535898,176.97028166390896
554,351.2036446280135,181.36574782124273,52716.0,980.6005926535897,178.39396158803228
555,349.665554494577,180.0,52715.0,962.6175926535898,177.6411079106636
556,2220.0731969914864,173.37160795945906,283357.0,5032.09159265359,1125.7434379367398
557,2760.4061295396373,1746.057848980643,3710562.0,7718.11459265359,1380.8870991312538
558,1163.1392865860907,146.62328160193854,161187.0,2628.42559265359,586.541796944714
559,1164.529948090645,146.1995964729815,162653.0,2607.05059265359,584.347417777566
56,1279.5819629863497,609.6287119741539,684759.0,3425.6785926535895,640.1684532106007
560,878.220928923924,151.48669479148944,120844.0,2161.9055926535893,439.9248958929953
561,965.1238262523623,94.75157992630244,85724.0,2125.1165926535896,483.31199434642383
562,1445.0169549178306,130.92518817157014,182267.0,3151.0655926535896,725.8284391424885
563,1311.8021954547874,496.54134971799516,37183.0,4307.749592653589,665.6071611969735
564,1449.0138025567596,140.58944247795475,182933.0,3690.45259265359,739.8500190930389
565,1449.9962068915904,138.2573694644962,186122.0,3147.8605926535893,725.2454981578184
566,1448.5955267085426,132.03816431843217,183554.0,3105.8105926535895,724.827523793992
567,551.9510847892229,120.0,15872.0,1400.8735926535899,309.9304578734372
568,900.7890985130759,72.20914536055069,17551.0,2052.4405926535896,568.5939225975146
569,1139.1422211471227,872.5697679841995,54549.0,5389.03159265359,733.8307067912635
57,1860.0924708196633,995.5733571526791,1559266.0,5068.87959265359,930.4623338652435
570,1060.0778273315595,150.21449872971678,149341.0,2420.12459265359,530.9318308239239
571,2818.499778250834,1424.7710551127605,923984.0,11395.168592653588,1583.3767236690783
572,1057.750443157553,148.4892204425853,149366.0,2403.7655926535895,530.4343008960204
573,1908.3107713367863,1305.400798408439,1814422.0,5355.37159265359,958.3550902200751
574,1616.571990354899,997.3024935410964,1274600.0,4534.59659265359,808.5634996126564
575,1176.5428169004306,748.6650904327828,669863.0,4430.94259265359,594.1213082306786
576,1176.1228677310887,742.8299508120926,679372.0,3363.6185926535895,588.6592406666201
577,730.6989804290135,170.2995106086297,118955.0,1773.42459265359,365.9171686645182
578,1296.3988583765415,273.9521249074724,327098.0,3142.7645926535897,650.6896263445806
579,1736.730261151685,769.9886353773121,1122570.0,4612.22459265359,880.1852467781856
58,1776.3743974736858,660.5728022097542,1082770.0,4617.49459265359,888.2109772812362
580,1590.6316355460808,410.14869465250916,599751.0,3824.1205926535895,807.1743634090146
581,1605.5108221373034,757.5524639253381,1052468.0,4282.6655926535905,807.3098635829002
582,448.2822771424273,300.28592934180045,100585.0,1269.2005926535899,224.19046216133762
583,445.5333881989093,300.3309177480449,100046.0,1252.1455926535898,223.1876769163768
584,454.211404524369,289.7218301629583,100110.0,1300.5945926535899,227.11715094668017
585,449.47079994144224,287.91341261613485,100053.0,1251.02759265359,225.47002419041746
586,62.20128616033595,59.0,2833.0,191.04059265358975,31.464978047270833
587,445.1123453691214,299.6490460008688,100174.0,1269.31459265359,223.32522950892087
588,444.76735491715215,299.82293447199504,100401.0,1259.75559265359,223.27622883562248
589,453.0452516029718,298.9881907404491,100441.0,1263.3165926535899,226.58571883279103
59,1196.1910382543417,153.0305794043046,174086.0,2968.1215926535897,611.8573595167209
590,447.92521697265494,297.70588235294116,100639.0,1252.5295926535898,226.8950079144757
591,447.9341469457313,288.9888533785502,100373.0,1284.1685926535897,226.80432994206376
592,447.2694937059759,299.96957182821427,100576.0,1246.0655926535899,223.7734972534669
593,443.81302369353693,300.3278242882148,100654.0,1270.21259265359,224.69711975479217
594,445.6007181322759,300.3903032300153,100681.0,1260.5655926535899,223.78000803145645
595,437.2241987813575,299.9230722048254,96956.0,1237.30359265359,223.86310922141138
596,349.09167850293994,180.50357172739257,52167.0,973.1155926535898,177.38482170038768
597,1393.1033701775327,155.6035166373916,206870.0,3099.6215926535897,699.9768003058099
598,1262.0380342921524,152.00784300772676,177328.0,3766.9325926535894,640.5750276131198
599,3159.634472530011,213.9775978492753,62832.0,6458.798592653589,1616.4061420871553
6,2414.4833815953257,419.47004186128316,941509.0,5809.72459265359,1212.7385786247078
60,800.202474377579,147.0,32422.0,1903.06759265359,454.6332864569079
600,1663.5026299949152,613.8677398812587,765708.0,4291.85559265359,912.2751722097431
601,1577.5629939878788,111.62388336221713,169938.0,3366.8955926535896,790.8856862250009
602,1643.0666450269143,517.6296131370855,706272.0,4107.38459265359,825.1035938301407
603,1236.3211556873077,261.45656945983313,297803.0,2943.6505926535897,627.0478378412472
604,1840.4132688067646,76.64230406148315,132717.0,3794.3855926535894,926.7779785592536
605,1540.7303462968464,78.15460406087406,107084.0,3193.9455926535898,774.0058144340626
606,1126.110562955521,207.94146286133636,226486.0,2627.8485926535895,564.2695567415376
607,1782.419142626111,66.35321102026019,106619.0,3699.90859265359,897.7354921699347
608,1873.4364147202862,630.3953500028983,1104172.0,4719.44559265359,938.0668055066491
609,258.37956575549856,183.23745377789191,34091.0,738.0295926535898,129.68329376891595
61,1345.4088597894693,426.906388849943,269800.0,3796.0705926535898,931.4008754678308
610,667.9715562806548,89.91993211642621,57472.0,1497.8095926535898,334.39714039501297
611,667.029984333538,91.11153801550363,58247.0,1499.8855926535898,335.0590376837417
612,666.1231117443682,92.430785273789,58396.0,1484.2685926535898,334.4245570716529
613,665.0992407152485,89.06732410043337,56880.0,1488.4795926535899,333.77673099380166
614,813.3664610739737,409.65147654475027,288621.0,2224.8885926535895,408.1459115069715
615,420.676835587604,130.8567178984294,51621.0,1061.03359265359,210.65467413394362
616,1314.961976636587,557.9496508597344,659363.0,3560.2595926535896,659.9088268500808
617,424.6998940428406,149.43623286307673,54233.0,1109.5305926535898,214.11072581201898
618,1260.1182484195679,185.6332575154998,222109.0,2843.7365926535895,632.1613114787563
619,478.2394797588338,89.80342910319106,39467.0,1094.3265926535898,242.77789742406497
62,961.5326307515518,536.1230847180954,428921.0,2648.7425926535893,481.7138866182101
620,419.505661463585,130.4756126270653,51278.0,1044.44959265359,210.1227199868937
621,1770.1005621150455,221.58350826242028,368605.0,3943.7895926535894,886.2220483157128
622,419.92618398951976,132.40058416393575,51587.0,1060.25659265359,210.9423349682729
623,420.57698462944927,131.20578307739856,51575.0,1053.05159265359,210.4051428086885
624,280.07141946296485,92.22438730985908,22371.0,736.3895926535897,141.6692017838001
625,420.1071291944473,129.69545937502147,51171.0,1056.0145926535897,210.40099710830413
626,1253.138859025607,119.65946847985555,144305.0,2721.6785926535895,627.3154324400268
627,1216.8237341538008,244.21048404291085,285825.0,2872.4205926535897,609.4741303976344
628,1218.3616047791395,244.54778644081983,287488.0,2867.62059265359,609.4391875957083
629,1221.6992264874361,64.0093200021878,64406.0,2622.0195926535894,613.8761116211117
63,1734.4581286384516,516.1276250912694,743534.0,5576.037592653591,873.206154693196
630,1246.4766343578206,108.1415371810301,120163.0,2766.99259265359,633.3792353735344
631,1045.6256500296845,75.61603232411225,67344.0,2231.3575926535896,527.311708341022
632,421.00118764678086,136.44972481209481,51423.0,1067.8155926535899,210.82426039863108
633,419.9547594682075,131.00391258735345,51241.0,1042.1835926535898,210.33706943838084
634,419.0763653560052,132.46048445986742,51424.0,1049.3715926535897,209.7031787581687
635,1219.5511469389055,233.63593420520158,266251.0,2887.493592653589,610.2608027363613
636,1906.3284082235148,104.05656677883627,190236.0,4013.9875926535897,954.3553760934195
637,463.74561992540697,333.69326801892714,109514.0,1375.40159265359,232.63976773701083
638,1276.6612706587446,331.4589902841352,401908.0,3106.7395926535896,640.6721886743895
639,929.7763171860208,70.30606155983385,41476.0,2341.3095926535893,481.0112607404028
64,1397.5306794485766,99.3071497965266,134019.0,2979.7735926535897,699.7322447615011
640,1924.917920328033,127.60888389576361,193364.0,4173.18759265359,963.3551854693067
641,2899.092616664738,189.75939400237405,316122.0,7060.53859265359,1463.44707808402
642,930.9457556700067,629.2201647317683,431471.0,2767.5045926535895,466.91375330923194
643,468.15809295578777,331.07193370264037,109164.0,1310.42359265359,234.63861873686997
644,1219.1308379333204,247.5664040935342,282991.0,3390.4625926535896,623.4404533834387
645,467.63340342623087,332.08548411245596,109012.0,1321.9455926535898,234.09160777723227
646,464.2003877637329,332.4394381900076,109225.0,1324.1145926535899,232.49926601003236
647,1203.9838038777764,142.3277096529508,154904.0,2764.4115926535897,605.4886530259616
648,1266.8216133299904,52.94602607657851,58700.0,2850.6985926535895,666.6093171643873
649,962.3933707169849,158.24013599767375,147722.0,2194.8985926535893,482.0968167350316
65,1051.494650485679,998.838673726942,802940.0,4305.51859265359,529.5416335067667
650,970.004639164164,202.8671297315749,189514.0,2275.5555926535894,486.9039869962399
651,972.4453712162962,204.40219286685888,190311.0,2282.0315926535895,487.53265882110173
652,1910.6590486007701,1310.0,1816435.0,5345.91959265359,957.9429260057115
653,2585.4115726514415,297.6491563244487,639865.0,6715.16259265359,1300.967553352791
654,962.8312417033424,95.8412504906248,86054.0,2127.39659265359,483.4388297119436
655,961.6906987176283,95.33677094945163,85917.0,2111.6325926535897,483.62092376200553
656,888.0056306127794,613.3383200260957,395710.0,2507.2265926535897,444.63122023254397
657,889.0877347033869,612.9350463642653,396867.0,2497.5155926535895,444.72389727662
658,887.6846286829574,613.4285099480641,396352.0,2505.3575926535896,444.3922963126343
659,887.9397502083123,615.0,396802.0,2485.5055926535897,444.77479029419766
66,1888.2314476779588,1276.4979544017428,1787319.0,5281.769592653591,946.0148168486451
660,484.9340161300298,232.70804957395637,84607.0,1334.08959265359,264.45358653195177
661,360.18051030004386,195.77210280324792,47406.0,1040.6665926535898,181.75740440047213
662,2436.7028953075096,838.2525610455857,1876339.0,6335.68059265359,1218.8073189711872
663,822.9617245048521,422.218480911651,105369.0,2263.9985926535896,464.5992465020376
664,870.6985701148245,501.34803530296824,357320.0,2402.6325926535897,435.9225458112883
665,1642.41316361018,1077.2211092078094,1028306.0,5858.17959265359,936.4966747933795
666,1332.6019660798943,895.4130111133078,879185.0,3877.4255926535893,666.3057907101846
667,690.2811021605619,490.71949919021574,240224.0,1946.30059265359,346.0348951614432
668,667.7244940841994,466.20775600542686,224897.0,1885.2595926535896,334.85502814638426
669,777.6509499769161,535.0513321425043,333133.0,2364.5815926535893,389.1126757877866
67,2410.9520940906314,176.9899523565034,403396.0,5101.70759265359,1216.2934520259241
670,778.6404818656682,532.8029013903371,333551.0,2364.5315926535895,389.73315933432474
671,779.2335978382862,532.7027179453061,333967.0,2372.2165926535895,389.9985527220763
672,776.6009271176541,533.6482723523204,333829.0,2373.5055926535892,388.657808204247
673,777.9215898790828,532.111568803905,333525.0,2364.4975926535894,389.21383389893447
674,780.3313398806945,533.7342922942764,333407.0,2372.853592653589,390.35401209693083
675,1332.9384832016817,733.3517651537155,696750.0,4038.95559265359,732.1361616821492
676,1264.0609162536432,996.5902896019757,110396.0,6597.89659265359,686.0663391921644
677,1606.4681758441404,1031.8948767387296,164565.0,8693.36959265359,839.0033090497674
678,2872.7443325155127,1160.4619396233127,822655.0,11523.85659265359,1610.9653530726555
679,1504.4484039009114,236.0,84158.0,3720.0485926535894,800.2498571872918
680,1743.3496493819018,747.756866552703,1170825.0,4607.49859265359,873.5713952264996
681,1282.3954148389646,96.34047999770588,115911.0,2772.9965926535897,643.2804735503972
682,1391.6698602757767,98.64827006397186,126130.0,2964.4065926535895,698.0201134710543
683,1558.0850426083937,490.680452244487,714215.0,3900.83859265359,782.3170267820188
684,1459.875337143552,491.939992290953,667882.0,3757.74959265359,731.3924956863642
685,1422.7642109639953,343.2944083772384,452248.0,3475.3735926535896,711.7390558378909
686,1439.0347459321474,655.4975083028295,837704.0,3904.5775926535894,719.9748003703071
687,666.3347507071802,90.71265030424067,58160.0,1493.0375926535899,333.32707664045927
688,1124.5394612907098,45.94071637807522,33466.0,2358.5955926535894,564.195017246386
689,2643.4163501045387,1738.514764253834,1952247.0,11992.82359265359,1565.9970318019946
69,2290.268543206233,855.0,525962.0,7712.603592653591,1189.2939515979972
690,1969.2719466848655,73.14463116487245,132527.0,4048.9565926535893,986.2884399882353
691,1694.917402117283,484.20156567733187,114996.0,5521.4195926535895,905.3913088009667
692,3164.4582474730173,1595.0,2600306.0,9848.821592653589,1737.001450451699
693,2618.940625520174,1577.0,2399570.0,8372.16559265359,1518.991584284843
694,2276.518614024493,838.6697278586859,145857.0,7638.97959265359,1277.27126897652
695,2261.4022198627117,1528.4806677776924,1819237.0,8708.964592653589,1145.601792620144
696,1658.8556296435202,566.1890644088883,391838.0,4771.62759265359,956.8554152391404
697,1981.6038958379145,511.0,101188.0,4895.65059265359,1035.5185101588954
698,2022.3179769759256,1131.178745059261,881691.0,7777.82559265359,1241.851337010587
699,2862.2767161824167,1653.5069006651674,3170515.0,8312.78359265359,1576.592807665192
7,1034.1421565722965,625.5088229255387,475178.0,4998.71759265359,521.2534233649181
70,579.148512904937,122.56926059575288,66111.0,1741.2435926535898,295.05038681651035
700,2434.4340204655373,1558.5792820270192,2364361.0,7509.19159265359,1330.9005950923145
701,734.6053362180267,290.7410893197616,81030.0,2225.4765926535897,391.47013379849926
702,1423.2557746238024,795.8927253367143,938362.0,3926.60759265359,711.8078818663217
703,1624.335248647889,214.78949861443562,35890.0,3730.8525926535895,837.2386488287452
704,2673.10774193634,98.01367385514618,203405.0,5555.30959265359,1338.8243874187556
705,847.1989140691812,68.24284550660566,53022.0,1846.4345926535898,435.9024586881448
706,1421.8920493483322,795.7541743746906,937868.0,3906.62459265359,711.3142033041571
707,697.8495539871041,189.2094013248464,91131.0,1556.7435926535898,356.2787856978408
708,2008.3846743091822,1155.6358138775572,771681.0,14345.963592653588,1095.268858910768
709,2633.677466965156,1375.0269625029089,409781.0,5761.20659265359,1461.723837548186
71,243.81345327934633,191.76907184575276,33116.0,835.6855926535899,141.14587219820143
710,2350.2144582994974,1733.0,382361.0,5978.79459265359,1387.220528954904
711,699.2031178420187,80.50502254372519,53279.0,1526.0175926535899,350.2957425465744
712,365.9412521156914,175.87357081339948,48706.0,1048.19959265359,198.03573004530315
713,360.0722149791622,153.08646665182098,44324.0,937.5155926535898,181.63642689544236
714,361.4194239384486,164.57808728550953,51794.0,964.8945926535898,181.90347782489346
715,337.3336627139367,262.4041484795145,17844.0,1087.1395926535897,241.21455397770399
716,445.79816060634437,78.0,32915.0,1014.4135926535897,225.95717688207375
717,1238.2523975345252,29.635362352656333,25670.0,2512.64759265359,620.6047489700991
718,1200.1020789916165,53.12271086629637,59579.0,2487.0065926535895,602.7049171027032
719,1238.89184354406,28.55899755420047,25817.0,2489.1495926535895,623.931229042559
72,698.1382384599772,489.91202909144135,242946.0,1958.06759265359,354.3787055077917
720,1491.2075643584967,80.75520427565448,106272.0,3118.295592653589,747.248056369148
721,2022.4996909764907,663.9206908816635,1243634.0,5033.31159265359,1025.5125510011171
722,2856.5253368384465,799.4440613376623,1379083.0,5687.01659265359,1676.8663125237301
723,2434.484339649775,624.4281086960356,1404303.0,5948.77859265359,1218.6553461854642
724,733.0825328706175,425.2112205842445,274510.0,2025.49959265359,368.3961903160462
725,498.96392655180995,150.2478822317874,69432.0,1305.2015926535898,252.42769654829272
726,641.3142755311159,307.7726631705973,124103.0,2710.27159265359,348.93890426582277
727,2979.217514717581,808.7579161023986,351634.0,8714.33859265359,2121.9462200575153
728,1137.9885763925752,600.9252264130484,579219.0,3120.3035926535895,569.3538246427761
729,1461.3103708658198,1013.0487425713511,1069219.0,4097.5405926535905,731.781757589283
73,394.58839313897715,101.5835617903202,18971.0,1071.6815926535899,214.39516652355138
730,1469.7159589526134,974.0,1075927.0,4095.6675926535895,736.0725979499258
731,1464.923206178399,967.1849861715385,1062983.0,4289.04359265359,734.1770709712612
733,599.7707895521421,419.2129669436742,190841.0,1686.11259265359,307.1887569460937
734,532.8311177099175,337.0998980904243,131634.0,1470.7845926535897,282.63374490828903
735,320.0890501094969,171.22244459777676,46372.0,877.0975926535898,160.0671514071251
736,304.3451987464235,98.2878425849301,25003.0,1241.21459265359,155.87350780925837
737,855.0327479108622,214.0,154386.0,2090.3335926535897,431.25235841372313
738,1290.0620140132798,861.0912959918285,823459.0,3590.3855926535894,645.9879866320891
739,504.5284927533826,172.66507597388204,80837.0,1296.98859265359,252.42141602300603
74,513.9737347374863,369.26853185559224,145253.0,1562.6805926535899,258.65794803034714
740,651.5957335649152,365.38050689569724,164930.0,1821.07959265359,355.00345874255265
741,739.6762805444014,191.07452782505067,134462.0,1797.58159265359,370.2937854471649
742,1216.1533620395085,654.0411256347188,574790.0,3674.0575926535894,655.70870787663
743,1507.3463437445291,970.197109618698,707718.0,5321.06359265359,824.541759490337
744,1186.055647935627,152.4818935045694,159883.0,2630.97259265359,603.1836276523416
745,375.085323626505,195.67570810558948,41479.0,906.1715926535898,205.2530757051218
746,922.7572811958734,626.1462472520532,379881.0,2712.75659265359,487.6230268931536
747,661.3017465575,349.95059395737576,134941.0,1642.62359265359,363.0249199315496
748,2973.295814412014,51.79761391975904,97080.0,6357.421592653589,1500.4490787783006
749,681.8247575440481,139.16756977390875,90756.0,1620.06059265359,342.0713698942378
75,375.19728144004455,359.0,105230.0,1154.3555926535898,188.0232033141126
750,678.7002283777426,139.06292457486882,91020.0,1599.06759265359,339.385492422701
751,1498.040386638491,958.0383085545109,745198.0,4586.37759265359,809.816369002865
752,464.15514647583086,276.95453498022385,95707.0,1248.5465926535899,237.02294246127133
753,787.6096749024862,425.40551362808543,281282.0,2176.9625926535896,394.08791917256957
754,545.668397472311,280.82025624469895,117023.0,1574.92559265359,282.00245788033044
755,528.4013626023309,319.27163335014427,126587.0,1557.25859265359,267.58152048525653
756,360.4511062543712,184.0,57091.0,980.6715926535899,180.68031358529797
757,424.976469936866,126.33788902022958,20516.0,1045.73959265359,241.2753114465452
758,501.80573930556034,281.638446409878,113651.0,1375.0655926535896,252.80607198972905
759,477.00838567052466,454.5448834609736,167571.0,1460.38059265359,240.49931775800337
76,763.2692840669013,619.0229596332359,197293.0,3543.1615926535897,423.39976140968304
760,684.7627326307996,178.01684959285723,99282.0,1640.8825926535899,361.24066280415394
761,3013.0283768992285,1217.2669209573235,2803632.0,10786.43659265359,1648.8384426804691
762,1710.2263008151874,106.78142989682297,150112.0,4048.33459265359,857.1075384002937
763,695.8002586949792,433.012003828369,235974.0,1957.0365926535899,348.93463489590613
764,662.3352625370327,382.9642118782236,206559.0,1856.39959265359,331.49394420953547
765,2368.793152641235,80.39276869452507,168265.0,4897.21459265359,1202.2842137642024
766,2373.0474078703105,88.34979917409107,188196.0,5098.92259265359,1206.9959188319617
767,2796.2605386479995,1491.7912298339409,3511411.0,7629.3485926535905,1399.0982092043807
768,2794.481168302982,1490.94140280605,2576085.0,16050.073592653589,1472.598589421895
769,2389.417711493744,1361.667110102787,1318555.0,9300.82059265359,1256.9054105015957
77,115.10864433221339,107.20121267970805,9376.0,352.5265926535897,58.36156735506942
770,554.616984954482,285.7094156207818,13491.0,1681.75359265359,320.33550721984983
771,2791.3697354524716,1489.5173306991226,3501663.0,7628.599592653591,1396.4554550225587
772,2788.0028694389825,1488.8655942904982,3498343.0,7607.23459265359,1394.7779068674101
773,2784.810586018374,1488.9548970901537,3499074.0,7584.083592653591,1395.1889490378842
774,2791.9056216140257,1492.2391382281626,3512722.0,7448.17959265359,1397.096153658586
775,1679.6380562490242,32.51174256167109,23451.0,3390.3165926535894,920.2187195454176
776,2705.427507807223,1544.1260917425502,3330973.0,7648.22059265359,1373.8596779006732
777,1501.1635487181268,466.880220387325,562937.0,6060.41959265359,843.0191172598031
778,2767.134438367605,1508.4595366329595,667132.0,13916.64959265359,2066.9463363638874
779,2370.92914276239,94.69189461157775,170395.0,5069.856592653589,1197.8493240839643
78,474.40594431351724,296.8193005083915,95175.0,1310.85659265359,255.6414091957961
780,1408.2787366143111,98.53464187562356,129461.0,3178.5545926535897,707.6060752613183
781,1688.9514498646786,98.14006101549519,152656.0,4045.2885926535896,860.0353902717958
782,1588.3223854117275,101.13623918283588,142635.0,4045.84859265359,824.6602895128527
783,2783.132767224733,1487.0,3494209.0,7586.952592653591,1393.730962607335
784,2789.1441339593766,1488.4223152968248,3500650.0,7580.75759265359,1396.421219519815
785,2789.170486004755,1489.4384116917888,3500668.0,7588.31759265359,1395.0895661114484
786,2788.6932423628095,1489.5488342965834,3498453.0,7580.85759265359,1397.1475252590947
787,1760.3400239726416,1042.0,1469357.0,5376.32359265359,884.678931371482
788,2376.48248468193,1487.0755681961793,1472146.0,6772.55859265359,1571.1793502002033
789,2379.3948810569464,1489.054067565515,1375425.0,7020.55459265359,1603.7647611755124
79,749.9846665099227,398.1334478581195,242159.0,2157.9375926535895,376.29253156610014
790,2399.178401036488,1491.7863580688872,1504641.0,8781.41159265359,1573.1693954075379
791,2790.490458682846,1489.9771813193488,3509988.0,7591.84059265359,1396.3452764381318
792,938.8556864609171,42.673303025170874,35621.0,1926.83259265359,471.35529210196006
793,2794.6996260779083,1493.1752096778575,3514835.0,7620.646592653589,1400.4935290131243
794,2815.2456375954125,1541.0785626050476,2979100.0,11600.599592653589,1480.081805090583
795,2788.0731697715537,1488.36447987672,2752289.0,13269.117592653589,1539.943230002503
796,2791.8065835583952,1489.6970793809878,3504095.0,7740.2325926535905,1397.8723823432786
797,332.5552585661517,222.35996225063974,23848.0,1299.55459265359,188.90708102104165
798,482.55362396318196,259.75303039688896,39225.0,1692.4625926535898,253.73055802025686
799,477.4149138851865,27.101242536719532,11330.0,996.0805926535897,241.33711038426125
8,1409.7748047117313,970.3645766957131,859178.0,3921.25959265359,740.9232105226287
80,2540.9100731824415,74.11780894188874,175016.0,5158.72759265359,1284.8272756838724
800,1919.6676795737328,114.25561636247483,40263.0,4194.84159265359,987.9675256134278
801,1459.1353604104042,485.73263960676485,647436.0,4021.2645926535897,741.8896365833317
802,1289.0128005570775,326.71699483847425,404350.0,3138.6145926535896,645.5140753191932
803,1287.9083818346708,335.1207544219985,404097.0,3115.9415926535894,644.5524422150772
804,296.67490625261854,232.08922611157755,17627.0,1166.52259265359,202.69878134931406
805,323.6108774438832,309.0,77989.0,995.4515926535898,162.2443260175582
806,322.61587065735,308.0,77960.0,995.2355926535897,161.34663329559507
807,324.6798423062325,308.0,78263.0,998.2725926535898,163.00076328742293
808,323.7900554371613,308.71039015492335,78232.0,1020.0975926535898,162.17018172825462
809,387.1911672546263,285.53540286176775,33699.0,2226.404592653589,221.44180876742635
81,334.6595284763307,72.07850087180329,15661.0,739.2715926535899,186.16170182410858
810,531.1515791184283,305.7994617850487,41502.0,2568.460592653589,338.95479653569157
811,323.70665733036753,308.98190285380986,78001.0,995.6995926535898,162.40737883905763
812,657.6397189951349,89.32307980784616,38168.0,1553.9275926535897,401.2201141326298
813,295.4623495472816,129.79984591670362,17426.0,1051.2425926535898,197.2899454190177
814,2762.125449721645,270.9766749501495,718375.0,5791.637592653591,1391.5962242475364
815,294.02891014320346,130.10764773832474,16950.0,950.2395926535899,197.56944652250795
816,2543.133893447217,1781.7275855166035,2841730.0,6936.600592653589,1338.519886840017
817,2513.089731784363,291.7319277836336,647573.0,5667.834592653589,1269.5333928618347
818,1145.6967312513377,40.78815157292349,29776.0,2362.8955926535896,573.9067899037682
819,1339.6730944525236,133.43030901824014,168916.0,2935.6795926535897,672.9794938103237
82,3284.9383555859918,76.11397770980008,216515.0,6476.70759265359,1643.444690155834
820,3173.7955195632876,1668.9090867609702,4456748.0,7203.01259265359,1587.5824157636187
821,1847.2912601969404,547.7104688582475,825627.0,10164.74059265359,929.416746022372
822,1245.7066267785526,482.4741998423475,548617.0,3233.8245926535897,623.327641099343
823,1259.4554378778155,489.71803857773153,547958.0,3297.9945926535893,637.2636722819879
824,2316.5599495804117,281.17793378360665,580508.0,5331.88859265359,1206.0824637015826
825,2376.0928012179997,56.435930548851275,77795.0,4905.40059265359,1192.4091795878242
826,1652.5086989181025,652.7885225762763,983037.0,4343.96959265359,826.9108557629677
827,593.9200282866373,248.1728677911675,133139.0,1576.2995926535898,297.32689115827986
828,644.6650292981619,241.6346301526385,142910.0,1658.50159265359,322.34053187322303
829,1426.5608995062216,241.63730700968844,334279.0,3265.7885926535896,714.886595875043
83,3171.5157259581733,138.023325915157,403764.0,6200.98559265359,1585.8488240684662
830,1585.6437178635053,151.0050985062065,196237.0,3430.0905926535897,799.4894546404528
831,1365.556663049908,149.28975057742812,189353.0,3044.4545926535893,684.699514264773
832,2118.446600695897,703.6052393415982,112529.0,6743.00959265359,1123.506344727824
833,1120.541387008976,557.0309128204815,80063.0,5480.77259265359,746.0439843650176
834,2402.604003992335,690.1490206585731,606507.0,8125.928592653589,1221.8571448637633
835,1907.5282435654785,1258.0,684308.0,7602.01959265359,1103.933229459258
836,2571.185913153695,150.0,308522.0,5457.727592653589,1285.6716354262949
837,1775.2250561548526,127.88571974488536,186849.0,3880.6145926535896,890.225187126956
838,1747.3983518362377,1244.0102324408163,1537402.0,4909.1965926535895,874.918202209303
839,1220.7907273566589,298.0631829115742,347376.0,2941.1145926535896,611.2563661397664
84,705.1134660464229,571.3617218498104,170122.0,2370.5535926535895,430.7695827903717
840,1726.89316403766,556.9084760876775,898695.0,4362.655592653589,863.5762139650249
841,2267.286704411244,321.91540030902047,699980.0,5036.75459265359,1150.306580052397
842,1336.5885679594899,314.5412170913743,394316.0,3232.6105926535897,670.6030930881084
843,1519.6348245548995,571.1184932281911,788216.0,3927.96359265359,760.1104467270072
844,1104.653791918536,675.5058945736866,588538.0,3134.1335926535894,553.792394800988
845,1640.0685961263937,707.0,1038787.0,4352.24359265359,821.3131658334714
846,1329.4754604730394,313.2070508173948,388670.0,3228.1495926535895,670.337963053687
847,2152.138006727264,850.178181222514,1628891.0,5681.23559265359,1078.680026441921
848,2033.4114192656634,1318.1241421185716,2050646.0,5684.02559265359,1018.7229084978387
849,1648.1286357563235,46.847754271311835,42926.0,3375.6865926535893,824.6722286204557
85,1939.6546084290367,155.0482351882589,236747.0,4126.769592653591,989.4925399353801
850,3169.6968309287877,465.13540980475744,1378734.0,6037.88859265359,1616.871928723833
851,544.4859961468247,214.46314683964758,106174.0,1430.5435926535897,272.28287446367074
852,545.2421480406664,220.8765598369266,109182.0,1429.52959265359,272.86749742761185
853,545.0467869825488,213.97733128381756,106515.0,1428.5315926535898,272.55912961359866
854,543.4795304332997,214.13272673165645,105411.0,1427.49759265359,271.81079254750637
855,498.8386512691253,153.34674045233612,71746.0,1247.6465926535898,249.60242351215493
856,718.6689084689833,34.557368662344565,21586.0,1489.86059265359,360.62434797588304
857,1843.847336413728,291.7813744789074,507718.0,4360.5005926535905,923.2431625010285
858,1743.5369224653662,32.07977376304513,46916.0,3538.05059265359,887.4591843243625
859,1099.84771673173,102.07178622109991,93237.0,2523.8415926535895,550.2798257706277
86,2078.686364028975,580.5739796886478,1149504.0,5113.593592653589,1041.629729040587
860,336.3807366660582,34.29634450427922,9803.0,721.0165926535897,168.9445984285886
861,427.85044115905737,74.94529417914943,29998.0,983.7415926535897,214.96166242001254
862,1071.392551775492,34.489015275474124,31327.0,2174.5945926535896,541.1837120987918
863,1643.8838158458766,29.102877505732902,36393.0,3343.841592653589,831.5519636841751
864,1640.4685306338552,35.67807717794161,42767.0,3345.1445926535894,827.2539376508089
865,2629.639709161694,227.03384194476354,548514.0,5732.56959265359,1336.0991757162049
866,2218.071234203266,207.1341877727756,422814.0,4858.113592653591,1130.3213588783565
867,2840.739340383063,1153.1095255319517,2968018.0,7478.37159265359,1422.1586035362675
868,1795.0426178784726,742.4287614629278,1209853.0,4685.297592653589,897.8997477546723
869,1796.0392534685873,741.654515174101,1210297.0,4740.16459265359,898.1872740133288
87,389.13365313218543,328.09884556184653,92506.0,1137.8125926535897,210.92025052373342
870,760.0164471904538,221.58667269239524,157863.0,1881.2645926535897,380.50161945013815
871,1807.6606429305252,366.83980601900004,423076.0,5136.53359265359,922.1219295809605
872,2501.721407351346,1766.0,1453163.0,9102.32659265359,1422.0533634459007
873,1853.371252609687,1227.5215488740955,366495.0,4780.280592653589,1017.7118872634885
874,1714.9559761113403,121.55087940948707,175102.0,4682.32459265359,868.8022112022443
875,2100.4944655961367,1051.576689168594,1888345.0,5803.09159265359,1051.8397704511917
876,2181.2556017120046,101.09500668531001,211018.0,4518.24759265359,1094.4484935182372
877,1774.8836581590356,64.36059019357167,69138.0,3804.4745926535893,895.5042585763098
878,1492.0593151748358,436.3921569760682,607138.0,4329.94559265359,751.1627710596857
879,986.146540834576,22.97775962861398,16865.0,2015.6515926535897,511.9251865079725
88,250.7448902769506,156.0,31794.0,684.3895926535897,126.48065876127825
880,2134.7611107568923,56.06477568992755,56410.0,4411.54359265359,1079.8774780457722
881,1998.9122041750609,98.95167388412733,145532.0,4352.521592653589,1014.0216031987882
882,2770.7284240791264,36.029638758043504,71361.0,5585.27459265359,1409.0149598228322
883,1700.682804052537,32.00286156017598,47106.0,3478.8425926535892,852.4799374939647
884,2390.871180134973,42.66972186143016,83439.0,4816.97159265359,1204.4582595163738
885,1492.9621562517918,58.232100797835834,58092.0,3096.8025926535897,751.373760568087
886,1340.5767415556634,42.4745433611817,51604.0,2786.1225926535894,680.9475213395607
887,1687.4089605072031,156.8718739151949,249642.0,4258.15559265359,859.9016026708398
888,945.1417883048024,47.77550193063064,33837.0,2054.78759265359,505.1266149269812
889,2244.1178667797285,60.19573388096897,92572.0,4547.977592653589,1124.4053708685458
89,790.1423922306662,58.0,22021.0,1666.5095926535898,403.2356314786157
890,2650.1586744947936,80.82555792656993,195032.0,5415.005592653591,1333.088307454475
891,1301.5721263149424,272.2802619419824,58649.0,4182.05559265359,678.8077937397109
892,1429.8146733056,33.620147473073864,39651.0,3061.9825926535896,723.289468556302
893,2037.637111950997,624.6901145764115,1201387.0,5084.202592653591,1020.2802671643535
894,1773.2912902284272,204.52827060095967,169212.0,6972.44759265359,909.8280214314344
895,2401.0968326995894,55.090791417892994,122491.0,4952.545592653591,1204.2453955995534
896,1368.841846233523,131.75007511463366,76008.0,3039.9545926535898,718.2467047560781
897,2546.714157497853,70.552487944237,130796.0,5279.23059265359,1285.5262583104193
898,1552.3846172904446,606.5904699287233,864324.0,4015.5565926535896,777.0553037968546
899,1584.9820188254503,563.2160940443459,822762.0,4053.7825926535897,792.9033896361573
9,756.0423268574319,95.16642635227622,54945.0,1701.5865926535898,402.59995745009167
90,273.3093485411723,265.0639118372974,55933.0,856.1485926535897,139.10519807851588
900,1180.9085485337127,751.7875389405743,683008.0,3692.12359265359,591.3647900646082
901,1615.5172546277554,746.2274856603914,1064542.0,4327.80659265359,808.0129999745722
902,2129.218166369994,351.5476031182945,715056.0,4862.33259265359,1066.5077692360876
903,998.4558077351245,404.0,364992.0,2630.9555926535895,499.33383161411183
904,1345.252392675813,657.4882274605839,771756.0,3630.72059265359,672.6568361124727
905,1947.60673648455,655.0216969625415,1194196.0,4969.31459265359,975.0073886836136
906,1117.9861358711028,750.1492212891011,622807.0,3143.7735926535897,559.4170808663323
907,1120.5467415507485,715.2237560754601,618626.0,3147.6595926535897,560.5933321994663
908,1175.251887894676,754.9822955217907,681146.0,3289.1255926535896,588.0148293748938
909,198.08079159777205,47.9272823164834,8705.0,474.66159265358976,99.16954946202938
91,316.7080674690811,124.1487462918838,20163.0,1054.0535926535897,180.41915116778668
910,1076.4107022879325,716.913503003777,578827.0,3015.9985926535896,538.9037743015011
911,1178.1752840727902,749.4867512365377,682903.0,3344.0845926535894,589.8096883176394
912,1114.1081635101684,743.6395544909179,617173.0,3113.86559265359,557.2902389651729
913,1111.2807925992422,746.3099030145451,618709.0,3120.58259265359,555.9287311626066
914,1902.6310730144191,62.433848729171345,76841.0,3903.7415926535896,956.0824222915774
915,1922.2187700675488,44.915568276761704,77849.0,3948.7615926535896,963.1023006408475
916,1905.4965232190796,253.5861515064629,471957.0,4257.642592653589,955.1513678433295
917,1907.0946489359148,253.26157918289056,471666.0,4279.91759265359,955.4735775079436
918,1910.0054973742876,254.3163893543586,471921.0,4291.72859265359,957.4564551426827
919,2103.8878297095594,1307.0,2158137.0,5838.7725926535895,1052.54600144652
92,1300.963489111051,420.0,492439.0,3287.09159265359,670.7039372117099
920,2376.0576592330412,58.31012710458582,97194.0,4956.38559265359,1189.9257096927681
921,1092.082872313269,1051.717319692023,890902.0,3528.3375926535896,550.116024004822
922,1191.4906629932104,48.93390232478265,54719.0,2456.64659265359,599.2818297061037
923,1189.18669686471,48.51170475200136,54628.0,2465.16759265359,598.7830825243415
924,1191.5624196826618,49.05913532087484,54816.0,2449.54959265359,597.7625025873101
925,954.7381840064846,44.07554970021577,38357.0,1990.6065926535898,479.1678154873193
926,825.8668173501101,436.92467288345097,303286.0,2280.64959265359,414.0898752335581
927,1076.2248835629105,748.248324952396,582301.0,3014.9475926535897,539.1841898541826
928,2228.5730860799695,1055.268392295309,2077580.0,6026.26759265359,1115.5362697974115
929,1178.7726668022126,712.4184698401141,445976.0,3050.2495926535894,648.3899655796705
93,3230.5135814603846,81.03650423364671,215471.0,6336.584592653589,1619.8749384369219
930,2495.0649290148745,1201.6902063347147,773543.0,8266.70459265359,1395.1643279940047
931,2474.4328643145686,1136.2793687621818,769258.0,8020.420592653589,1372.4066058602657
932,605.4196891413427,204.1995566016854,102348.0,1778.79559265359,304.022708259272
933,1871.449171097094,939.0,225913.0,5910.6655926535905,1085.005885179281
934,2980.6396964410173,1824.0,4359609.0,6871.73559265359,1500.7742482527374
935,204.29880077964236,139.7507832830185,21456.0,664.3005926535899,115.79886357725232
936,437.77848279695064,222.03152929257593,49040.0,1157.90559265359,252.3857164520763
937,604.1522986797286,201.69904533168884,102298.0,1786.9615926535898,303.356647458352
938,2262.0897418095506,1076.4393155213163,645414.0,6820.09959265359,1420.1200954058966
939,2847.0063224376586,1792.4305082538024,1815665.0,11600.923592653591,1498.9968444863237
94,1347.2638939717785,375.5491774436277,481731.0,3318.6435926535896,673.8799444515507
940,287.89234098878006,143.72811789462992,35921.0,780.7515926535898,144.29674691937186
941,2245.708128853792,49.699380335553215,92275.0,4579.36959265359,1128.1116955192479
942,1193.3985084622823,47.22433258215823,49553.0,2476.37459265359,599.7219870039366
943,2207.6852130682037,105.91430193769979,143111.0,4654.87459265359,1109.7415598737
944,1839.9415751593854,49.628505695941726,74148.0,3822.7205926535894,921.2725315841683
945,2519.0198490682837,47.02537841682458,96238.0,5137.2365926535895,1270.0878257168688
946,2202.988878773563,68.46308141848506,140988.0,4769.23359265359,1112.0497042462034
947,710.1274533490449,43.985398599790194,28793.0,1488.47859265359,356.2756384698771
948,2240.9395351057556,373.64850062282744,811793.0,5101.846592653589,1120.8997189912432
949,2231.2292576066675,373.13790683846725,808061.0,5075.72059265359,1117.2185556689526
95,1275.341914938892,147.60039276016053,178820.0,2836.6285926535897,639.6760588799888
950,2237.95375287337,394.9673459272897,809106.0,5243.89859265359,1120.3232278938933
951,2227.059271775226,394.25443418026674,808045.0,5161.19359265359,1115.2783854668764
952,1689.1400178789206,111.88302957862872,145368.0,3590.1565926535895,846.730412526579
953,1626.5232860306674,110.79542121866017,137827.0,3951.0475926535896,823.4599872075544
954,1500.323298492695,111.30809354673201,129567.0,3461.0195926535894,763.2560855482855
955,1075.5152253687531,535.1208878480624,384331.0,3070.19159265359,543.7841400993457
956,1445.6061012599525,43.87130797387811,47156.0,3080.5665926535894,725.1794414612855
957,561.416066745511,104.52684236507285,47814.0,1250.3735926535899,281.85782278993247
958,2808.472894652893,1005.9644028574736,150962.0,7531.51059265359,1625.3163662890981
959,2492.0676154550865,958.2961292564194,138029.0,6617.983592653591,1437.1093398810633
96,1279.7562267869612,358.444632497872,360888.0,3148.0235926535897,660.618814302814
960,1309.2337453640584,541.141075103012,510506.0,3504.8535926535897,693.8987498562458
961,1086.5587881012236,536.4780121871075,372045.0,3079.38859265359,556.8203093494714
962,504.2003570010636,221.51397073962343,30528.0,1337.16559265359,308.1043716195212
963,591.8183843038336,118.94292936571158,35931.0,1302.8645926535896,382.9047630914776
964,306.3413129174712,295.0,70166.0,960.1545926535897,153.42335115756705
965,229.43844490407443,95.45009461697856,7334.0,680.3785926535897,128.21025814768578
966,678.4762339242252,295.07371906165986,40919.0,2321.3285926535896,433.64711498975896
967,380.8017857100988,238.0,28677.0,1114.21859265359,217.6903659264753
968,1322.2556485037226,152.9660172809061,116448.0,3152.0335926535895,691.8488076931668
969,1544.0064766703538,387.9787912782764,90626.0,3925.5255926535897,924.4662133617305
97,232.01939574095957,196.1792861868121,36492.0,684.4815926535898,116.41135177327845
970,1452.3098842877853,434.6469211845629,68170.0,3810.0925926535897,922.7490374717001
971,793.5048834128244,424.1891286419844,59131.0,2856.5335926535895,455.3077223546656
972,2479.6923196235457,1449.2612615554472,297661.0,10168.743592653589,1326.0809945077733
973,108.63240768757728,91.21677477306463,6586.0,322.90959265358975,61.21013795920325
974,2258.8928704124064,42.84700394072062,48433.0,4609.40759265359,1149.1085466776544
975,806.4595464125897,34.56900413479083,23602.0,1771.8155926535899,420.1802462324395
976,1318.7422037684241,48.40349250947048,49695.0,3245.43959265359,741.9536706779515
977,1247.351193529713,579.3389895546434,217263.0,3406.5595926535893,637.5813923059491
978,1411.5583586943899,59.113014474317524,72964.0,3458.3015926535895,719.2137076720949
979,876.1078700708035,113.62902484667926,34829.0,2268.9895926535896,499.2787058427047
98,225.21101216414795,196.88600948245917,35471.0,674.4005926535898,112.91428874437143
980,359.3466293149276,37.22546063527569,12699.0,782.1585926535898,180.06845716188553
981,1243.0482693765355,832.787706374831,220848.0,3378.21359265359,638.7671770798866
982,1247.4409805678183,585.390206703176,220030.0,3277.8825926535897,640.624071190828
983,306.16498820080653,292.0,69937.0,944.0285926535897,154.21650403223992
984,306.8582734749057,292.0,70235.0,945.1855926535898,153.6915425162496
985,307.77426793024785,291.0261621006384,69678.0,951.8265926535897,154.42760322809198
986,1843.2148545408372,1156.0,367197.0,8028.92459265359,1169.9192224818644
987,1689.6333921889684,1258.7294323180752,151374.0,7880.70459265359,1093.312520991445
988,1314.3854077096262,725.4793157190987,774628.0,3741.179592653589,686.3789562757689
989,1020.3724810087735,364.1883593797713,341059.0,2628.5915926535895,511.3162197150072
99,575.72562909775,369.6297148085185,162148.0,1899.1295926535897,287.96932169179286
990,1888.3720502062088,325.4348167832887,466525.0,4360.059592653591,951.7675579308329
991,1916.0469722843436,877.0,475119.0,5518.94059265359,997.6354329683179
992,656.3025217077868,456.51138333512057,209476.0,4034.587592653589,328.2876456448199
993,1189.3569691223909,24.430275008883477,13955.0,2442.703592653589,599.8034087318059
994,1881.325330717683,610.3802405560691,1055464.0,5040.61859265359,942.0546443360215
995,3007.5413546616446,1267.7835776330073,458709.0,9000.56359265359,1670.407213607497
996,1304.4362767111315,744.1033970742322,777379.0,3851.5775926535894,671.8663593656231
997,1300.6290785616013,726.0410995149595,777532.0,3746.6875926535895,670.9153487580995
998,2048.1098603346454,548.370646012878,1065927.0,5345.90159265359,1027.118211591864
999,2699.141344946574,1824.0,2748047.0,8492.14059265359,1426.8695958667752
